PDB ID,6mst,7zky-chain-B,7zky
1_17,inf,inf,inf
2_18,0.6434695545977784,0.6660688832808972,0.6542538559675093
3_19,0.704020109291539,0.7272811736031501,0.7135509413013519
4_20,0.7630738154672881,0.7816115944464219,0.764782149714656
5_21,0.7645615122563151,0.7728292348893555,0.7607137925609478
6_22,0.6974431970141347,0.6843425093264324,0.6924335464792197
7_23,0.645820798887436,0.6262942017126669,0.6396969377540868
8_24,0.6262955290920551,0.6057228398976393,0.6164031780635058
9_25,0.5776640710083598,0.5604835643100565,0.5803507371829673
10_26,0.6057602901673487,0.5978066220147735,0.6085367865514331
11_27,0.5768051700198558,0.5786389399813462,0.5745902675025237
12_28,0.6764401695270239,0.7049187635723742,0.674531234793794
13_29,0.625502070290012,0.6458515449153757,0.6214490874042056
14_30,0.6518686147211763,0.6530651097737145,0.6482229314955049
15_31,0.6735456117002394,0.6433805591697641,0.662377836840417
16_32,0.699476610334416,0.685235162318527,0.697902866094184
17_33,0.7479508176604964,0.7450753554124023,0.7496272669695819
18_34,0.7139529641198908,0.7006596241706549,0.7090035525601721
19_35,0.8262657304100791,0.8144009498139724,0.8213946405078275
20_36,0.5799607786065162,0.5387470266054504,0.5446469822905047
21_37,0.5798144026206881,0.5796465198291493,0.5685381279394787
22_38,0.5649288498382701,0.5474036302978794,0.6142723934608604
23_39,0.40184623281149456,0.3910802839081702,0.4366011562336872
24_40,0.6457468604455231,0.6321896309464669,inf
25_41,0.38856547728248103,0.3830059970437992,inf
26_42,0.46109603593856463,0.4593443015289562,inf
27_43,0.48755243839238016,0.44390371377074284,inf
28_44,0.6673796303803325,0.6545565000835529,inf
29_45,0.7325892058420637,0.7200029736734438,inf
30_46,0.40700525362847984,0.39836887018106715,inf
31_47,0.6487119465803146,0.6353698291358245,inf
32_48,0.6379553439272923,0.6162970722564437,inf
33_49,0.6162546741273984,0.5763835255071379,inf
34_50,0.654771701484109,0.6055292870252993,inf
35_51,0.6570512240496647,0.6055441335440508,inf
36_52,0.7446795369376213,0.6843869557703478,inf
37_53,0.719694070755835,0.6725640504700328,inf
38_54,0.9669676939791764,0.8927363809724389,inf
39_55,inf,0.9789160082103503,inf
40_56,inf,1.001063003266338,inf
41_57,inf,1.0629696823738992,inf
42_58,inf,0.9217557659953565,inf
43_59,inf,0.8587563380574658,inf
44_60,inf,0.9290125324681077,inf
45_61,inf,0.5676595313996396,inf
46_62,inf,0.42617382909043816,inf
47_63,inf,0.3404318903572557,inf
48_64,inf,0.3705787076802397,inf
49_65,inf,0.4144506065312358,inf
50_66,inf,0.48587555451164643,inf
51_67,inf,0.7088204225086261,inf
52_68,inf,0.7984991172348272,inf
53_69,inf,inf,inf
