PDB ID,2n0a,6a6b,6cu8,6l1u,6l4s,6sst,6xyo,7e0f,7lc9,7nca,7wo0,8a4l,8a9l,8adv,8GF7
1_15,inf,inf,inf,inf,inf,inf,inf,inf,inf,inf,inf,inf,inf,inf,inf
2_16,inf,inf,inf,0.7004505205042338,inf,inf,inf,inf,inf,inf,inf,inf,inf,0.4805650831684688,inf
3_17,inf,inf,inf,0.2443201016282281,inf,inf,inf,inf,inf,inf,inf,inf,inf,0.5961374328179148,inf
4_18,inf,inf,inf,0.6913839382211003,inf,inf,inf,inf,inf,inf,inf,inf,inf,0.451079059099715,inf
5_19,inf,inf,inf,0.5075538923809029,inf,inf,inf,inf,inf,inf,inf,inf,inf,0.8436739599204168,inf
6_20,inf,inf,inf,0.36865690328837586,inf,inf,inf,inf,inf,inf,inf,inf,inf,0.26194788567928773,inf
7_21,inf,inf,inf,0.5256750005046281,inf,inf,inf,inf,inf,inf,inf,inf,inf,0.7256856640329967,inf
8_22,inf,inf,inf,0.6172679532606262,inf,inf,inf,inf,inf,inf,inf,inf,inf,0.6381458670859669,0.4830422737675474
9_23,inf,inf,inf,0.5822468508127044,inf,inf,inf,inf,inf,inf,inf,inf,inf,0.5597792717361241,0.537924552422149
10_24,inf,inf,inf,0.5871124896933385,inf,inf,inf,inf,inf,inf,inf,inf,inf,0.5481630150248418,0.6092626784475479
11_25,inf,inf,inf,0.6297767460266989,inf,inf,inf,inf,inf,inf,inf,inf,inf,0.5665368559505872,0.6910034575859108
12_26,inf,inf,inf,0.7818762812709684,inf,inf,inf,inf,inf,inf,inf,inf,inf,0.36352800071624947,0.7639592601871634
13_27,inf,inf,inf,0.8837729695624373,inf,inf,inf,inf,inf,inf,inf,inf,inf,0.30591111501044504,0.8174197309415057
14_28,inf,inf,inf,0.7419402366659364,inf,inf,inf,inf,inf,inf,inf,inf,inf,0.3229832293612902,0.5935377723217435
15_29,inf,inf,inf,0.6318306737276256,inf,inf,0.75628154165975,inf,inf,inf,inf,inf,inf,0.4660259894535299,0.36470563358649194
16_30,inf,inf,inf,0.538113452576481,inf,inf,1.015318721427984,inf,inf,inf,inf,inf,inf,0.3556588293219309,0.4452280945783885
17_31,inf,inf,inf,0.48319358548000746,inf,inf,0.8048214011758162,inf,inf,inf,inf,inf,inf,0.5071842452914613,0.706242085545935
18_32,inf,inf,inf,0.511638606373035,inf,inf,0.7389246294077644,inf,inf,inf,inf,inf,inf,0.5023032730667778,0.6942593719253244
19_33,inf,inf,inf,0.5706951919514003,inf,inf,0.6314305429153296,inf,inf,inf,inf,inf,inf,0.5444261557305891,0.6827446054002095
20_34,inf,inf,inf,0.6487049808250421,inf,inf,0.6308548297502836,inf,inf,inf,inf,inf,inf,0.5221141980807817,0.5089350628971879
21_35,inf,inf,inf,0.5627814264991916,inf,inf,0.5233861378140631,inf,inf,inf,inf,inf,inf,0.44423918422669634,0.4220233139193031
22_36,inf,inf,inf,0.6379629060819869,inf,inf,0.5422105848256898,inf,inf,inf,inf,inf,inf,0.580650068529149,0.6259161156191337
23_37,inf,inf,inf,0.372374537632508,inf,inf,0.29537202180743705,inf,inf,inf,inf,inf,inf,0.33218127006964215,0.4194217235404053
24_38,inf,inf,inf,0.348989862141666,inf,inf,0.29482488658678474,inf,inf,inf,inf,inf,inf,0.324882397753612,0.4158736278451318
25_39,inf,inf,inf,0.36844071624610253,inf,inf,0.3942686312006523,inf,inf,inf,inf,inf,inf,0.4012554964054976,0.5439759651286746
26_40,inf,inf,inf,0.418480388897816,inf,inf,0.5155169747371111,inf,inf,inf,inf,inf,inf,0.5632051434147347,0.6891204223923684
27_41,inf,inf,inf,0.5442205432217289,inf,inf,0.6539703047922257,inf,inf,inf,inf,inf,inf,0.7686044159908264,0.876649069385236
28_42,inf,inf,inf,0.6684627236481328,inf,inf,0.8047532699847542,inf,inf,inf,inf,inf,inf,0.9955460258550433,1.0672278920222316
29_43,inf,inf,inf,0.714957781119003,inf,inf,0.9092576908853859,inf,inf,inf,inf,inf,inf,1.0801943326795111,1.0849720598510522
30_44,inf,inf,inf,0.6461847214408165,inf,inf,0.879116071750387,inf,inf,inf,inf,inf,inf,0.8896837039857367,0.9169407647435316
31_45,inf,inf,inf,0.3290794964082252,inf,inf,0.4236397199540323,inf,inf,inf,inf,inf,inf,0.3208870764070907,0.11344005631602146
32_46,inf,inf,inf,0.28802761240676344,inf,inf,0.345515653178202,inf,inf,inf,inf,inf,0.2662526099924651,0.3796817693354807,0.11072607371063323
33_47,inf,inf,inf,0.26201802960525683,inf,inf,0.2726942196626391,inf,inf,inf,inf,inf,0.25966346122647155,0.5019137067839374,0.2009261873084088
34_48,inf,inf,inf,0.30002235060553256,inf,inf,0.2401812256785111,inf,inf,inf,inf,0.48574926186835643,0.22171765312448605,0.5488846325624438,0.3169597566339673
35_49,inf,inf,inf,0.36027355455164745,inf,inf,0.2957640350723111,inf,inf,inf,inf,0.32379153883022366,0.31385632641494854,0.6662990484263126,0.5487684111975851
36_50,inf,inf,inf,0.3728901577371001,inf,inf,0.5876537072077551,inf,inf,inf,0.19792596279768088,0.23024070721528042,0.4999624225221755,0.7760750085421616,0.6652758221616775
37_51,inf,inf,inf,0.43055909422915234,inf,0.30661232180420234,0.6555449402418254,inf,inf,inf,0.29341634903821706,0.34118458719619466,0.48839969097124625,0.7322518702158948,0.6428594160959539
38_52,inf,0.6943619211896326,inf,0.6080795134314962,inf,0.3357815235032374,0.7684660219315076,inf,inf,0.35460721952679986,0.30101232080633356,0.32732138135828887,0.6377965349931205,0.6870102798965122,0.502513779670381
39_53,inf,0.8162568474069809,inf,0.6288391437566566,inf,0.45811040509318823,0.7844942120086442,inf,inf,0.4735779012204289,0.42771667902360233,0.4480707410406821,0.619457820332151,0.8337183395353615,0.5952277927886773
40_54,inf,0.9631342251506132,inf,0.7086467858394111,inf,0.6172891295601641,0.879200627578132,inf,inf,0.6339553065779382,0.5843923521619384,0.608789308774205,0.6751263204205573,1.003760372099093,0.6992492353531954
41_55,inf,0.9036394769618556,inf,0.5933894722935782,inf,0.6343004986157251,0.8128882472648836,inf,inf,0.655056285605334,0.6046635288816249,0.6313769574415744,0.5574408950672601,1.0079647955159161,0.7251348090468785
42_56,inf,0.5958033302505655,inf,0.4343156698246099,inf,0.5843682858037039,0.5480046968455872,inf,inf,0.6288823267370574,0.6099492289270538,0.5879657201085629,0.44484104975665417,0.20866488836119435,0.6146084195780043
43_57,0.3172848561557041,0.36804464703291895,inf,0.40477713728609616,inf,0.4368664471233922,0.37589591691637025,inf,inf,0.4422313840835591,0.43663292555026584,0.43649467106387696,0.4467992863382513,0.5820155291039858,0.32710843335037565
44_58,0.8841846339468911,0.8935968871684652,0.9717198711119369,0.6667105520758972,inf,0.7818285739883881,0.9266252974776235,inf,inf,0.9030139841888589,0.8643090602426222,0.76207148062392,0.6039346549621762,0.15570757532481547,1.0311956563247262
45_59,0.31766184562060124,0.3589570684458888,0.33101485090858856,0.18187062269681287,inf,0.34709605229643686,0.36283013869638014,inf,inf,0.3293316921852619,0.31730157505206225,0.3503140257193696,0.20735198849571793,0.7819152496510002,0.39236244604554515
46_60,0.8848958725856862,0.6962391174128116,0.8461757943738487,0.7010684176631448,0.21445842417788835,0.6555782090262594,0.6770306572732879,inf,inf,0.789580888331484,0.7513215308185172,0.6121712362781607,0.6434200525672197,0.206355531735321,0.9751558581073867
47_61,0.7008603741107711,0.5084299009491604,0.662512523058086,0.5743992629366791,0.3251511519190986,0.5713150561146513,0.5031957354150844,inf,inf,0.6663537390128011,0.6396259039462574,0.511659609536636,0.5334469998856326,0.31884489464317844,0.8129230215247458
48_62,0.5454608435923095,0.3688367507481889,0.4937676705478518,0.4767028803995507,0.48360267533425166,0.5858630177428061,0.4174299189026246,inf,inf,0.5998447940240613,0.5996404912019099,0.5075810189372898,0.4698860633157855,0.4783705403495121,0.6514157827811029
49_63,0.36649223583784385,0.2444518668004081,0.3158755787525918,0.4451104008700174,0.6574414741954817,0.6088731119314345,0.3339958111479927,inf,inf,0.574835251445833,0.5804808436059896,0.5958258002853818,0.46328334911771674,0.638322929434544,0.45115908365402796
50_64,0.36495363201620795,0.3142420287371015,0.33327528009683804,0.6111084354259511,0.7229058006255198,0.7034218738415499,0.3867215782579999,inf,inf,0.6432983301794974,0.6529437138276205,0.6458909372741688,0.6419838124464518,0.7116334939401164,0.3353176812547141
51_65,0.27014057655216056,0.20871901950102076,0.1847475886507453,0.6037624573749041,0.6963911779882528,0.6598677834573421,0.2771292181205774,0.6953543153483353,inf,0.6145445099547064,0.6365723571906061,0.6075460764033188,0.6522889247673659,0.6699736616498365,0.3440477681443231
52_66,0.32532470733372876,0.23539541237785827,0.23452889396320115,0.7826187931292042,0.8700375658394378,0.810564401473669,0.2927654948574289,0.8552958652952997,inf,0.7902250569674221,0.8084922831857713,0.7841607399849693,0.8243230606242614,0.8392362500571217,0.25058870911203635
53_67,0.20003113013807933,0.22386051556901848,0.2139616499583088,0.5970948036665421,0.6533809472065704,0.5824360729296792,0.25659373682798525,0.6417144859634176,inf,0.5832790809404893,0.5991928960887432,0.6123547704792737,0.6160338416841499,0.6288197208535424,0.4767516724387977
54_68,0.3292270378335438,0.22107783512604812,0.26977801165883997,0.7933133322035351,0.7862012626339333,0.7204636861499145,0.25175507275299286,0.7858145641815106,inf,0.7438204672791227,0.7621622140322504,0.8072315973962099,0.7813972225792021,0.778647515049293,0.26840351957378145
55_69,0.43280149645049093,0.37631842012005895,0.4395888148780395,0.8122156542334027,0.7710628892561822,0.7147220861888584,0.3345686355539616,0.7762507771959122,inf,0.749222173309126,0.7688117025849398,0.8152836136712095,0.8015982594580473,0.7664865113354993,0.15104338107367904
56_70,0.3578829407109242,0.3384656808318654,0.3724876216585292,0.6039400706961682,0.6379982747821783,0.4992146095445493,0.2911785653367942,0.6416479102906004,inf,0.5281110344010387,0.5548427056350802,0.580979532863665,0.6615087579368194,0.5409597724118524,0.17436823327070702
57_71,0.34222250603486104,0.3260175903409831,0.35653284170786986,0.5515457277476299,0.45627220059103124,0.3908891361510989,0.2823574046964975,0.45825659585506073,inf,0.43281522644115106,0.4442343265179426,0.47814817124130027,0.48211900310506006,0.4255746734432286,0.17864434527263676
58_72,0.316946821723382,0.27161776915158475,0.31030667490432595,0.46530693814071145,0.3516422177103874,0.263757481633123,0.28648397095983225,0.3497499567807173,inf,0.3238594983941651,0.32175821544085764,0.360783480286402,0.35349610939452003,0.30460824799719666,0.14508593989674806
59_73,0.2790487712228279,0.18598479876766705,0.23833865631620257,0.3686509137188899,0.21756602740790537,0.3170623636522293,0.24971856356011637,0.21063653311321967,inf,0.4146199347584528,0.38493965592250157,0.4199037268491358,0.21543476357410812,0.3708796609105619,0.1819794016992402
60_74,0.23697749955300954,0.15525209640938048,0.21052847964922422,0.3087244728084925,0.21737072810137756,0.3606834787526891,0.2899714319170517,0.19957702317327392,inf,0.468664963797813,0.43548106390005853,0.4484407034491171,0.16050650297359922,0.4155581937221952,0.20398120108359055
61_75,0.2106401529320872,0.18804701810822902,0.21696864582742567,0.2405725278201955,0.2424841877748623,0.36484375401684377,0.30484650124355706,0.22286568625908135,inf,0.4856846674410903,0.4553788279858718,0.45521266036526786,0.17956538559406438,0.43576520054880213,0.19659931932435876
62_76,0.27113597805334594,0.15908839975023426,0.2197063744150395,0.25699748557570906,0.21953204267538018,0.4757721759647108,0.21211651998663505,0.2132075430320619,0.6255758638337668,0.5823511857851276,0.5589851488494392,0.5694916935259158,0.29568735045464495,0.5535859622702554,0.20970477641483484
63_77,0.5179975959146608,0.3832789357007352,0.5051702974564473,0.40005064484971753,0.43227045042320505,0.5875449706702941,0.41243427878170075,0.443101453864169,0.5606730083404025,0.6714080639903234,0.6403844844799371,0.6618670609812637,0.5326663332374848,0.6834763308872305,0.32861263403969554
64_78,0.6326411104127423,0.49689104558824654,0.5963545401393839,0.4658660045166,0.5615774959675339,0.6571478204619786,0.5570674876318273,0.5706460067507473,0.4560231762816992,0.69552240848063,0.6685118186063567,0.6977769499842842,0.6154663453624322,0.7139645817533935,0.4242740956471535
65_79,0.7292662556978659,0.7054670792522184,0.670853589667761,0.6790914047442894,0.6558799936688888,0.7439756563809568,0.6692913406435659,0.6591091728794858,0.41818596377822226,0.7609313908860627,0.7441693002931943,0.8005282486084851,0.6409697896043602,0.824054709789505,0.6512218618354896
66_80,0.5557019664716426,0.5863304913052587,0.508281694648504,0.5713938137802356,0.5134154337682391,0.62989361439988,0.5368825873577201,0.5112530856869737,0.30740086055686056,0.6681317307042225,0.6628845432758506,0.6661782955820987,0.46669891667388325,0.6360519412123287,0.6410481517772251
67_81,0.33556356993527126,0.39463385592179107,0.29772952425309734,0.3618300735884113,0.33166192784936666,0.6603074833851207,0.4262294824473692,0.3276210844921338,0.19711706402828164,0.7150817836367738,0.7217554952413748,0.6511923405731587,0.2726828366301095,0.3651543585370777,0.43978390544793344
68_82,0.22570510813037706,0.2851841036757495,0.14046025931895856,0.2735784219931328,0.216260844703175,0.701551534817553,0.36964291690457185,0.20467270364306467,0.1428586805924642,0.7153625644797602,0.7213961786738735,0.6748154044462219,0.1498857527921304,0.25435224152674574,0.3206791736230654
69_83,0.2277256276265498,0.2568847309204744,0.15160934306898677,0.25547760520284113,0.23525802129613002,0.7660944893692448,0.3722282833366576,0.2136656198726096,0.20168084340087308,0.7015992105577499,0.7135071290496956,0.7247796599602101,0.18752842698415445,0.24211343276820824,0.2336471236698383
70_84,0.5120503874064309,0.4714556367859396,inf,0.7042047249523311,0.4841880684109183,0.30499276652729,0.33230957404819494,0.49589693148741026,0.6256942325199863,0.10736687206338606,0.08760071963201871,0.23291096597287048,0.6195079625933735,0.6540600127201504,0.6320546093637844
71_85,0.5107964972119907,0.5115041712565281,inf,0.18522584879972298,0.4677083478942811,0.7516110463548056,0.5470614490071187,0.4439849761705907,0.24426440851890865,0.5573756100918895,0.5763377968448105,0.6942260102946378,0.2204781514459639,0.22549058796834207,0.31597492128232363
72_86,0.4999258077982468,0.4926632163532938,inf,0.43275382921410677,0.4433142981040337,0.3832693890758439,0.4545771020589796,0.44243706498731267,0.5360920699317542,0.11670538262087908,0.0991051773647446,0.3118515186286135,0.5243413950165032,0.4130809575522143,0.468535842412824
73_87,0.6219143369154868,0.6912795482382755,inf,0.29211246641212024,0.5563411139271963,0.5346522010001028,0.6623399337592604,0.5528059399310681,0.5751434017211596,0.21725091066079635,0.23156290261874357,0.4880959829490578,0.5552163132711125,0.3221829197002091,0.5862898990002123
74_88,0.6803726032928568,0.8219726289684935,inf,0.30649244988071844,0.6223685350472323,0.5166192730726984,0.796541472389187,0.626507023452793,0.6919022813871769,0.2547073718019255,0.2623717248179479,0.49775347267961045,0.6913076531033526,0.3564474406988031,0.7091693358194481
75_89,0.3547412019337693,0.3852241302133541,inf,0.3488806265410196,0.30157958948840424,0.4240113982438792,0.3697555807899572,0.2951772779784387,0.28713469310428563,0.3913818206764257,0.34858573828654393,0.3349729402146088,0.2796069285294535,0.29351152450242657,0.2767180825555762
76_90,0.5304632975416925,0.6473230392340124,inf,0.22624523224818952,0.45938380143077556,0.37126840226158675,0.6621846718321623,0.4786328608941582,0.6486729838740412,0.13670753294891666,0.12875557835422882,0.3349767394470987,0.6431368782488127,0.29110349256586543,0.6154644391909446
77_91,0.4390291066033865,0.5508040646767349,inf,0.25257664981828626,0.37977084767735825,0.42448491676831707,0.5649185051529947,0.4058975089751062,0.5886723681033087,0.16531044416814752,0.1350702997074281,0.36355263255936804,0.5822363924434544,0.2877310651314236,0.5518994007136435
78_92,0.4431379120375885,0.6589308195362074,inf,0.36967976990253654,0.40797548284883955,0.5621572471793368,0.6694519639220876,0.43503593230095455,0.6782279564235187,0.2615035532638643,0.24629774462789786,0.5099888760604321,0.6689894994856243,0.4182248451474111,0.6414776372735543
79_93,0.3513723727942707,0.6818934629945328,inf,0.43081312437823194,0.3176069956354016,0.6719948949164114,0.7115007674837419,0.335600557343571,0.6189023925843103,0.3339383163627858,0.312825936999089,0.584338247191863,0.6051274855793971,0.4984925483482696,0.5809682669552712
80_94,0.39329898024977306,0.7496387077436513,inf,0.4740819049647632,0.35051842785633475,0.7175257379290072,0.759896927301356,0.3597286380784909,0.6212911997469116,0.38223959975576227,0.3554948054194945,0.6212349225055153,0.6074386824880758,0.5812411277443268,0.613917590025029
81_95,0.5025602537931307,0.7212758116846764,inf,0.5248062943148631,0.44900989460843643,0.7295378233695263,inf,0.44934677376598414,0.6269988262016232,0.4432213132430375,0.41381860136739484,0.6400019235395892,0.6104881741840429,0.6557173988530255,0.6822652387354158
82_96,0.6591411403188252,0.6667472441102833,inf,0.674032922467315,0.6203344452749397,0.7805388780627315,inf,0.6148132047787317,0.759966178373416,0.5925202028630553,0.5593615456324512,0.7290557792336625,0.7457960353843355,0.7247202787435897,0.8172795017995027
83_97,0.6774059996664742,0.5843042821551218,inf,0.4088492469752397,0.6423957353179209,inf,inf,0.6279138071056665,0.4156789828260181,0.3576523755827838,0.34009210862497846,inf,0.4026284462226243,0.5333896325678398,inf
84_98,0.7523976564175071,0.6239482073563956,inf,0.37892991258634023,0.7394011286433609,inf,inf,0.7400727021610897,0.2498455149370668,inf,0.42138858825647424,inf,0.2619088644749648,0.5027609687547916,inf
85_99,0.7687090295366122,0.6204199353146546,inf,0.35281639643910945,0.7720781903432101,inf,inf,inf,inf,inf,0.3595999129540345,inf,0.29850896777898367,0.49789143260419155,inf
86_100,0.6756746183281209,inf,inf,0.22788615748568075,inf,inf,inf,inf,inf,inf,inf,inf,0.3881409393366756,inf,inf
87_101,0.6305873157678326,inf,inf,inf,inf,inf,inf,inf,inf,inf,inf,inf,inf,inf,inf
88_102,0.5865404575164693,inf,inf,inf,inf,inf,inf,inf,inf,inf,inf,inf,inf,inf,inf
89_103,inf,inf,inf,inf,inf,inf,inf,inf,inf,inf,inf,inf,inf,inf,inf
90_104,inf,inf,inf,inf,inf,inf,inf,inf,inf,inf,inf,inf,inf,inf,inf
91_105,inf,inf,inf,inf,inf,inf,inf,inf,inf,inf,inf,inf,inf,inf,inf
92_106,inf,inf,inf,inf,inf,inf,inf,inf,inf,inf,inf,inf,inf,inf,inf
93_107,inf,inf,inf,inf,inf,inf,inf,inf,inf,inf,inf,inf,inf,inf,inf
94_108,inf,inf,inf,inf,inf,inf,inf,inf,inf,inf,inf,inf,inf,inf,inf
95_109,inf,inf,inf,inf,inf,inf,inf,inf,inf,inf,inf,inf,inf,inf,inf
96_110,inf,inf,inf,inf,inf,inf,inf,inf,inf,inf,inf,inf,inf,inf,inf
97_111,inf,inf,inf,inf,inf,inf,inf,inf,inf,inf,inf,inf,inf,inf,inf
98_112,inf,inf,inf,inf,inf,inf,inf,inf,inf,inf,inf,inf,inf,inf,inf
99_113,inf,inf,inf,inf,inf,inf,inf,inf,inf,inf,inf,inf,inf,inf,inf
100_114,inf,inf,inf,inf,inf,inf,inf,inf,inf,inf,inf,inf,inf,inf,inf
101_115,inf,inf,inf,inf,inf,inf,inf,inf,inf,inf,inf,inf,inf,inf,inf
102_116,inf,inf,inf,inf,inf,inf,inf,inf,inf,inf,inf,inf,inf,inf,inf
103_117,inf,inf,inf,inf,inf,inf,inf,inf,inf,inf,inf,inf,inf,inf,inf
104_118,inf,inf,inf,inf,inf,inf,inf,inf,inf,inf,inf,inf,inf,inf,inf
105_119,inf,inf,inf,inf,inf,inf,inf,inf,inf,inf,inf,inf,inf,inf,inf
106_120,inf,inf,inf,inf,inf,inf,inf,inf,inf,inf,inf,inf,inf,inf,inf
107_121,inf,inf,inf,inf,inf,inf,inf,inf,inf,inf,inf,inf,inf,inf,inf
108_122,inf,inf,inf,inf,inf,inf,inf,inf,inf,inf,inf,inf,inf,inf,inf
109_123,inf,inf,inf,inf,inf,inf,inf,inf,inf,inf,inf,inf,inf,inf,inf
110_124,inf,inf,inf,inf,inf,inf,inf,inf,inf,inf,inf,inf,inf,inf,inf
111_125,inf,inf,inf,inf,inf,inf,inf,inf,inf,inf,inf,inf,inf,inf,inf
112_126,inf,inf,inf,inf,inf,inf,inf,inf,inf,inf,inf,inf,inf,inf,inf
113_127,inf,inf,inf,inf,inf,inf,inf,inf,inf,inf,inf,inf,inf,inf,inf
114_128,inf,inf,inf,inf,inf,inf,inf,inf,inf,inf,inf,inf,inf,inf,inf
115_129,inf,inf,inf,inf,inf,inf,inf,inf,inf,inf,inf,inf,inf,inf,inf
116_130,inf,inf,inf,inf,inf,inf,inf,inf,inf,inf,inf,inf,inf,inf,inf
117_131,inf,inf,inf,inf,inf,inf,inf,inf,inf,inf,inf,inf,inf,inf,inf
118_132,inf,inf,inf,inf,inf,inf,inf,inf,inf,inf,inf,inf,inf,inf,inf
119_133,inf,inf,inf,inf,inf,inf,inf,inf,inf,inf,inf,inf,inf,inf,inf
120_134,inf,inf,inf,inf,inf,inf,inf,inf,inf,inf,inf,inf,inf,inf,inf
121_135,inf,inf,inf,inf,inf,inf,inf,inf,inf,inf,inf,inf,inf,inf,inf
122_136,inf,inf,inf,inf,inf,inf,inf,inf,inf,inf,inf,inf,inf,inf,inf
123_137,inf,inf,inf,inf,inf,inf,inf,inf,inf,inf,inf,inf,inf,inf,inf
124_138,inf,inf,inf,inf,inf,inf,inf,inf,inf,inf,inf,inf,inf,inf,inf
125_139,inf,inf,inf,inf,inf,inf,inf,inf,inf,inf,inf,inf,inf,inf,inf
126_140,inf,inf,inf,inf,inf,inf,inf,inf,inf,inf,inf,inf,inf,inf,inf
127_141,inf,inf,inf,inf,inf,inf,inf,inf,inf,inf,inf,inf,inf,inf,inf
