,2n0a,6a6b,6cu8,6l1u,6l4s,6sst,6xyo,7e0f,7lc9,7nca,7wo0,8a4l,8a9l,8adv,8GF7
1-13,inf,inf,inf,inf,inf,inf,inf,inf,inf,inf,inf,inf,inf,inf,inf
2-14,inf,inf,inf,inf,inf,inf,inf,inf,inf,inf,inf,inf,inf,inf,inf
3-15,inf,inf,inf,inf,inf,inf,inf,inf,inf,inf,inf,inf,inf,inf,inf
4-16,inf,inf,inf,inf,inf,inf,inf,inf,inf,inf,inf,inf,inf,inf,inf
5-17,inf,inf,inf,inf,inf,inf,inf,inf,inf,inf,inf,inf,inf,inf,inf
6-18,inf,inf,inf,inf,inf,inf,inf,inf,inf,inf,inf,inf,inf,inf,inf
7-19,inf,inf,inf,inf,inf,inf,inf,inf,inf,inf,inf,inf,inf,inf,inf
8-20,inf,inf,inf,inf,inf,inf,inf,inf,inf,inf,inf,inf,inf,inf,inf
9-21,inf,inf,inf,inf,inf,inf,inf,inf,inf,inf,inf,inf,inf,inf,inf
10-22,inf,inf,inf,inf,inf,inf,inf,inf,inf,inf,inf,inf,inf,inf,inf
11-23,inf,inf,inf,inf,inf,inf,inf,inf,inf,inf,inf,inf,inf,inf,inf
12-24,inf,inf,inf,inf,inf,inf,inf,inf,inf,inf,inf,inf,inf,inf,inf
13-25,inf,inf,inf,inf,inf,inf,inf,inf,inf,inf,inf,inf,inf,inf,inf
14-26,inf,inf,inf,inf,inf,inf,inf,inf,inf,inf,inf,inf,inf,inf,inf
15-27,inf,inf,inf,inf,inf,inf,inf,inf,inf,inf,inf,inf,inf,inf,inf
16-28,inf,inf,inf,inf,inf,inf,inf,inf,inf,inf,inf,inf,inf,inf,inf
17-29,inf,inf,inf,inf,inf,inf,inf,inf,inf,inf,inf,inf,inf,inf,inf
18-30,inf,inf,inf,inf,inf,inf,inf,inf,inf,inf,inf,inf,inf,inf,inf
19-31,inf,inf,inf,inf,inf,inf,inf,inf,inf,inf,inf,inf,inf,inf,inf
20-32,inf,inf,inf,inf,inf,inf,inf,inf,inf,inf,inf,inf,inf,inf,inf
21-33,inf,inf,inf,inf,inf,inf,inf,inf,inf,inf,inf,inf,inf,inf,inf
22-34,inf,inf,inf,inf,inf,inf,inf,inf,inf,inf,inf,inf,inf,inf,inf
23-35,inf,inf,inf,inf,inf,inf,inf,inf,inf,inf,inf,inf,inf,inf,inf
24-36,inf,inf,inf,inf,inf,inf,inf,inf,inf,inf,inf,inf,inf,inf,inf
25-37,inf,inf,inf,inf,inf,inf,inf,inf,inf,inf,inf,inf,inf,inf,inf
26-38,inf,inf,inf,0.4588775753655569,inf,inf,inf,inf,inf,inf,inf,inf,inf,0.5021359739222311,0.6262150510447235
27-39,inf,inf,inf,inf,inf,inf,inf,inf,inf,inf,inf,inf,inf,inf,inf
28-40,inf,inf,inf,inf,inf,inf,inf,inf,inf,inf,inf,inf,inf,inf,inf
29-41,inf,inf,inf,inf,inf,inf,inf,inf,inf,inf,inf,inf,inf,inf,inf
30-42,inf,inf,inf,inf,inf,inf,inf,inf,inf,inf,inf,inf,inf,inf,inf
31-43,inf,inf,inf,inf,inf,inf,inf,inf,inf,inf,inf,inf,inf,inf,inf
32-44,inf,inf,inf,inf,inf,inf,inf,inf,inf,inf,inf,inf,inf,inf,inf
33-45,inf,inf,inf,inf,inf,inf,inf,inf,inf,inf,inf,inf,inf,inf,inf
34-46,inf,inf,inf,0.3397916293050682,inf,inf,0.2717694724207593,inf,inf,inf,inf,inf,0.23612759293632796,0.39840631629294415,0.24191673826188448
35-47,inf,inf,inf,0.3995801978367548,inf,inf,0.25995782162051373,inf,inf,inf,inf,inf,0.2793187628661606,inf,0.3211179944832251
36-48,inf,inf,inf,inf,inf,inf,inf,inf,inf,inf,inf,inf,inf,inf,inf
37-49,inf,inf,inf,inf,inf,inf,inf,inf,inf,inf,inf,inf,inf,inf,inf
38-50,inf,inf,inf,inf,inf,0.3681680129596816,inf,inf,inf,0.38466356002444013,0.33958951583292263,0.3750065127998211,inf,inf,0.41301627215617726
39-51,inf,inf,inf,inf,inf,inf,inf,inf,inf,inf,inf,inf,inf,inf,inf
40-52,inf,inf,inf,inf,inf,inf,inf,inf,inf,inf,inf,inf,inf,inf,inf
41-53,inf,inf,inf,inf,inf,inf,inf,inf,inf,inf,inf,inf,inf,inf,inf
42-54,inf,inf,inf,0.25974000613834625,inf,0.4053372077071854,0.43105119987270174,inf,inf,0.41761692824415214,0.3900814228655386,0.4012149980879194,0.2639365192656524,inf,0.47767483215729883
43-55,0.3700918002692674,inf,inf,0.298586186694914,inf,inf,inf,inf,inf,inf,0.4888685699975631,inf,0.30454368971574775,inf,inf
44-56,0.3584566533765154,inf,inf,0.2106325715026665,inf,inf,inf,inf,inf,inf,inf,inf,0.20411732447670028,inf,inf
45-57,0.8426299869904174,inf,inf,0.6667314551110082,inf,inf,inf,inf,inf,inf,inf,inf,0.615797173833862,inf,inf
46-58,inf,inf,inf,inf,inf,inf,inf,inf,inf,inf,inf,inf,inf,inf,inf
47-59,inf,0.37280969981713724,0.5046544854632813,0.4419857515728548,inf,0.4008728828213436,0.38522992854524063,inf,inf,0.45621489428152184,0.42944231055667165,0.3651124836404187,0.42491408392377733,inf,inf
48-60,inf,0.3445137720088342,inf,inf,0.4235013289514802,inf,inf,inf,inf,inf,inf,0.40873365603525313,inf,0.4106914493782807,inf
49-61,inf,inf,inf,inf,inf,inf,inf,inf,inf,inf,inf,inf,inf,inf,inf
50-62,inf,inf,inf,inf,inf,inf,inf,inf,inf,inf,inf,inf,inf,inf,inf
51-63,inf,inf,inf,inf,inf,inf,inf,inf,inf,inf,inf,inf,inf,inf,inf
52-64,inf,inf,inf,inf,inf,inf,inf,inf,inf,inf,inf,inf,inf,inf,inf
53-65,inf,inf,inf,inf,inf,inf,inf,inf,inf,inf,inf,inf,inf,inf,inf
54-66,inf,inf,inf,inf,inf,inf,inf,inf,inf,inf,inf,inf,inf,inf,inf
55-67,0.30030859691229955,0.2601938611254706,0.2355978141808574,inf,inf,inf,0.23178480447552302,inf,inf,inf,inf,inf,inf,inf,inf
56-68,inf,inf,inf,inf,inf,inf,inf,inf,inf,inf,inf,inf,inf,inf,inf
57-69,inf,inf,inf,inf,inf,inf,inf,inf,inf,inf,inf,inf,inf,inf,inf
58-70,0.31269955123138515,0.26092490085144815,0.25732935686799907,0.4412317065265544,inf,0.2867410571705685,0.2583841700681035,inf,inf,0.343292996175593,0.336363446708288,0.36231219048487306,inf,0.3127852362903543,0.26190760770263244
59-71,0.28885375238986466,0.23212718661764792,0.26435829334964817,inf,0.281543986525843,0.33861709561347475,0.2707374876265616,0.26673212637155325,inf,0.410781349622083,0.3961643714167895,0.42685796330368453,0.254195721319843,0.36940322548213855,0.26856173878336603
60-72,0.26699807715839763,0.23404206008603023,0.26113976655660137,0.3088066826369871,0.27358089990267814,0.3639959716563943,0.29277230631760714,0.26233329618687407,inf,inf,0.434860405351842,inf,0.20728813076271754,0.4163517883532128,0.2554000690630184
61-73,0.25985319334808954,0.2883010944288419,0.2834551805505142,0.2829113814013321,0.31111612143780065,0.3497093550177298,0.33537489146666555,0.3002590762236113,inf,inf,inf,inf,0.2462105144681296,inf,0.25293805800904645
62-74,0.26894049378797724,0.22026063908614693,0.26210815841863266,0.30196968967312554,0.24821330801560343,0.3546659489021041,0.22865549463760812,0.23338791295957048,inf,inf,inf,inf,0.2716801094201105,inf,0.262293703181407
63-75,0.38981796744289593,0.3595336445557892,0.4129384412034037,0.3903759496328817,0.42513736758396037,0.3776974726408911,0.3979168556033352,0.4133020810780331,inf,inf,inf,inf,0.4184762175608263,inf,0.35958765494738437
64-76,0.6582699645418172,0.6425061830393526,inf,0.5363955883218237,inf,0.6440445958044755,inf,inf,0.478165287790421,0.6472869722359695,0.6236832538323852,0.6329689927671014,inf,0.7091661467290727,0.499463428964225
65-77,inf,inf,inf,inf,inf,inf,inf,inf,inf,inf,inf,inf,inf,inf,inf
66-78,inf,inf,inf,inf,inf,inf,inf,inf,0.22944665448265195,inf,inf,inf,inf,inf,inf
67-79,0.2744141049652511,inf,0.2392058360780637,inf,0.2520530581203943,inf,inf,0.24997580803405978,0.2149169379752946,inf,inf,inf,0.20207758821128136,inf,inf
68-80,0.3330271046637769,0.3946103518757985,0.2794657487428416,0.24988570665934612,0.3395752973683885,inf,0.49790850212854876,0.32552178374592594,0.2809066195259549,inf,inf,inf,0.2834649821498827,0.28510376369331647,inf
69-81,inf,inf,inf,inf,inf,inf,inf,inf,inf,inf,inf,inf,inf,inf,inf
70-82,inf,inf,inf,inf,inf,inf,inf,inf,inf,inf,inf,inf,inf,inf,inf
71-83,inf,inf,inf,inf,inf,inf,inf,inf,inf,inf,inf,inf,inf,inf,inf
72-84,inf,inf,inf,inf,inf,inf,inf,inf,inf,inf,inf,inf,inf,inf,inf
73-85,inf,0.42211342147403547,inf,0.3024855811638356,0.38802301498347663,inf,0.40032857750684697,0.3743869561957809,0.30519519842250425,0.29064942122940585,0.27508990534634037,0.3295350275382217,0.3056687249414269,0.3091233597628094,0.32358978203932104
74-86,inf,inf,inf,0.3028558505677085,0.33901543832594616,inf,inf,0.33448632652785587,0.3766666619583766,0.28752135825046865,0.2577661923770315,0.27161245336056705,0.37342558978732193,0.29099120636288867,0.37274820372781514
75-87,inf,inf,inf,inf,inf,inf,inf,inf,inf,inf,inf,inf,inf,inf,inf
76-88,inf,inf,inf,0.3136580837372061,0.4527042442199999,0.3818316068025666,inf,0.4636523450548179,inf,0.24051888200563049,0.23987446292621167,0.3833328280749714,inf,0.36077774786516253,inf
77-89,inf,inf,inf,0.31932573835104294,inf,0.40450822018851484,inf,inf,inf,0.23056938315720926,0.23717249299876478,0.3797809955176218,inf,0.35255065195740043,inf
78-90,inf,inf,inf,0.38546904272494864,inf,inf,inf,inf,inf,0.30095195743850345,0.27478127395316526,0.47352350424437734,inf,0.3890378960750493,inf
79-91,0.3250315407161503,inf,inf,0.4054180177780754,0.31023956047288187,inf,inf,0.32127062709105675,inf,0.31894898851913245,0.2942574590721107,inf,inf,0.4395224172272876,inf
80-92,0.3592846295609646,inf,inf,inf,0.32722712400411663,inf,inf,0.329694831044571,inf,0.37547185948086875,0.35247521763614836,inf,inf,inf,inf
81-93,0.3996337010513691,inf,inf,inf,0.3594282067749,inf,inf,0.350897332749775,inf,0.2553256160885493,0.2496846859624581,inf,inf,inf,inf
82-94,inf,inf,inf,0.34023623998273955,0.4163182038764832,0.4241366048696123,inf,0.3978536897017519,0.4687874250559515,0.2666068137221199,0.24496305351838582,0.3966306765726064,0.45307093471436966,0.47244453822319865,inf
83-95,inf,inf,inf,inf,inf,inf,inf,inf,inf,inf,inf,inf,inf,inf,inf
84-96,inf,inf,inf,0.27963806168810934,inf,0.28913871071915437,inf,inf,0.37885096138213376,inf,inf,0.32925238704254933,0.3967421127668716,inf,0.37459384098349824
85-97,inf,inf,inf,inf,inf,inf,inf,inf,inf,inf,inf,inf,inf,inf,inf
86-98,inf,inf,inf,inf,inf,inf,inf,inf,inf,inf,inf,inf,inf,inf,inf
87-99,inf,inf,inf,inf,inf,inf,inf,inf,inf,inf,inf,inf,inf,inf,inf
88-100,inf,inf,inf,inf,inf,inf,inf,inf,inf,inf,inf,inf,inf,inf,inf
89-101,0.2926457271830659,inf,inf,inf,inf,inf,inf,inf,inf,inf,inf,inf,inf,inf,inf
