PDB ID,6gk3,8a7q
1_17,inf,inf
2_18,inf,inf
3_19,inf,inf
4_20,inf,inf
5_21,inf,inf
6_22,inf,inf
7_23,inf,inf
8_24,inf,inf
9_25,inf,inf
10_26,inf,inf
11_27,inf,inf
12_28,inf,inf
13_29,inf,inf
14_30,inf,inf
15_31,inf,inf
16_32,inf,inf
17_33,inf,inf
18_34,inf,inf
19_35,inf,inf
20_36,inf,inf
21_37,inf,inf
22_38,inf,0.5683645641310908
23_39,0.6352052681862583,0.6603035652706551
24_40,0.753986145085604,0.824796697291214
25_41,0.6435539030417877,0.8692650315531619
26_42,0.46063661172331916,0.7367580197865677
27_43,0.4059820708139412,0.737691706964869
28_44,0.37894683127695206,0.5773880967793191
29_45,0.4849965930605554,0.39991931056179303
30_46,0.4564374616276948,0.39267721320178967
31_47,0.5641828540661277,0.4424701178293634
32_48,0.7625869919686019,0.5966335922493835
33_49,0.8652493133863551,0.5607138031844406
34_50,1.088030418715309,0.7092605066629706
35_51,1.213176117216081,0.7417304450292345
36_52,1.20431289013054,0.6836101126236201
37_53,1.0500277853883566,0.6272427607442036
38_54,0.5672891045354473,0.4893696686715094
39_55,0.5350757884883264,0.41749075729964824
40_56,0.638100728374656,0.6205623901878969
41_57,0.7741290594669069,0.6406559207262059
42_58,0.63089110229641,0.4978214429396699
43_59,0.5906880090919209,0.4713730180344345
44_60,0.6980565736403316,0.41669421438851045
45_61,0.6010973083561513,0.44259410303893887
46_62,0.22843440330406417,0.633952158798809
47_63,0.23099953557113947,0.6097125572813605
48_64,0.46261202818468544,0.7586793282148159
49_65,0.54234092567366,0.6896460063233146
50_66,0.9008329752043729,0.9503592601072806
51_67,0.5644837397406385,0.5111535857885294
52_68,0.9525185805610923,0.7852451138628118
53_69,0.6682565428891009,0.6048596677392186
54_70,0.6682392308005458,0.6462462645501726
55_71,0.5372166153634881,0.6327254336606385
56_72,0.43128907128014393,0.5860052637725203
57_73,0.37293993170839645,0.5813168355131413
58_74,0.2948671494404053,0.43142557911954454
59_75,0.3259435862491609,0.4681176483081367
60_76,0.3730790259214743,0.6422538275564913
61_77,0.37450594177681845,0.6456693968090168
62_78,0.4619866844805428,0.705219250612388
63_79,0.516672248569694,0.6790557688326249
64_80,0.603602157702342,0.6266886741681064
65_81,0.7670756582138971,0.6869209094024786
66_82,0.911249566129427,0.800235122957204
67_83,1.1243288002597052,1.0055102631361241
68_84,1.200863002670314,1.0841676093611532
69_85,1.2092115275716617,inf
70_86,inf,inf
71_87,inf,inf
72_88,inf,inf
73_89,inf,inf
74_90,inf,inf
75_91,inf,inf
76_92,inf,inf
77_93,inf,inf
78_94,inf,inf
79_95,inf,inf
80_96,inf,inf
81_97,inf,inf
82_98,inf,inf
83_99,inf,inf
84_100,inf,inf
