PDB ID,6vw2,6y1a,6zrf,6zrr,7m61,7m62,7m64,7m65,7yl0,7yl3,7yl7,8awt,8az0,8az2,8az3,8az4,8az5,8az6,8az7,8r4i
1_13,inf,inf,inf,inf,inf,inf,inf,inf,inf,inf,inf,inf,inf,inf,inf,inf,inf,inf,inf,inf
2_14,inf,inf,inf,inf,inf,inf,inf,inf,0.3500850604998178,0.3776660857763026,0.35195265904697237,inf,inf,inf,inf,inf,inf,inf,inf,inf
3_15,inf,inf,inf,inf,inf,inf,inf,inf,0.26677962225724017,0.28185243331494764,0.2634264599112118,inf,inf,inf,inf,inf,inf,inf,inf,inf
4_16,inf,inf,inf,inf,inf,inf,inf,inf,0.2993549884949841,0.30202028633792655,0.3003499988209025,inf,inf,inf,inf,inf,inf,inf,inf,inf
5_17,inf,inf,inf,inf,inf,inf,inf,inf,0.3763720190801854,0.36814153795828314,0.3787094207001417,inf,inf,inf,inf,inf,inf,inf,inf,inf
6_18,inf,inf,inf,inf,inf,inf,inf,inf,0.43185593197887345,0.415782867980949,0.4348164031627104,inf,inf,inf,inf,inf,inf,inf,inf,inf
7_19,inf,inf,inf,inf,inf,0.23926802807377462,inf,0.17878307931882564,0.3976843983533297,0.4084770665552778,0.4108229743049609,inf,inf,inf,inf,inf,inf,inf,inf,inf
8_20,inf,inf,inf,inf,inf,0.45217929028486825,inf,0.4907374657394352,0.5884983368001147,0.5828042921155709,0.6124411384086256,inf,inf,inf,inf,inf,inf,inf,inf,inf
9_21,inf,inf,inf,inf,inf,0.5739160840578575,inf,0.6409837445741421,0.6740263046098833,0.6594251369905411,0.6995927653912154,inf,inf,inf,inf,inf,inf,inf,inf,inf
10_22,inf,inf,inf,inf,inf,0.5864474923635183,inf,0.6555915886211611,0.7044654238088565,0.6859879873909589,0.7231660849699968,inf,inf,inf,inf,inf,inf,0.7219220439403901,0.7060284780409571,inf
11_23,inf,inf,inf,inf,inf,0.5697462384157916,inf,0.6280002079295203,0.6942893711606877,0.6726161055305583,0.7033907898059973,inf,0.6404230021905146,inf,inf,0.6402096639213191,inf,0.6621512986258751,0.647974085437521,inf
12_24,inf,inf,inf,inf,inf,0.3422892755124531,inf,0.2279361232570321,0.4302028680121099,0.42268692525528023,0.4258767044031397,inf,0.15192670740216618,0.36856081096490056,0.36823683077287905,0.15450719129124396,0.3728988447088867,0.16074607777042865,0.15572038982524367,inf
13_25,inf,inf,inf,inf,inf,0.3549347324985925,inf,0.22586779411835942,0.3852003486482815,0.370755877833885,0.37784164512062857,0.4669674357864624,0.2662648910232489,0.3336054243033657,0.3338713981229581,0.26760393068345273,0.33824446907940503,0.2741966859756072,0.26987369664582206,inf
14_26,inf,0.20620522749854855,0.17070952805968573,inf,0.1856839389195065,0.6614828427122011,0.19519971998535232,0.29641316839065635,0.6520102599899082,0.6421772284793612,0.6449393945397602,0.22782362801059014,0.17433965060872172,0.50357480742805,0.5046088881343791,0.17446453851859725,0.5092441369755767,0.17236058101485435,0.1747264629846234,0.18680035331583925
15_27,0.589829212522166,0.2106329098741177,0.19273706491586542,inf,0.19763330554302086,0.7214359969972574,0.20958415408652947,0.2712817114334475,0.6403800678473985,0.6410328321768615,0.6327941386259507,0.12472371180291057,0.19790809301385517,0.48589634859322733,0.4874295358963966,0.2010303386118497,0.4909689584928684,0.1989056739758825,0.19527776629450505,0.20405857714380202
16_28,0.6032520095162732,0.2148760069127617,0.19869827367316759,0.51338659070064,0.20743996242347124,0.7851592213421724,0.21614175421100917,0.2627127548964707,0.6219862560210294,0.6280855702404751,0.6198484471213983,0.12111908990252947,0.21876224483122111,0.49086047374119407,0.4930735615748635,0.2212597841834397,0.4951341801276725,0.2171879613867486,0.2133573524757657,0.20602339890194793
17_29,0.4958385460825313,0.3175274339338279,0.3298080815587899,0.38181050911480946,0.31963080288890533,0.621028793538239,0.3181986239856466,0.3585853037764156,0.47486718206721407,0.4814851044410039,0.46725652860276945,0.2216792608352999,0.3140599202711526,0.35473238213615266,0.35638253354689853,0.3146486816919117,0.3564156689556227,0.3131158907957088,0.3071318961877565,0.3209350563338788
18_30,0.4486409291524177,0.19032272818720886,0.21327001172776017,0.33857115745770544,0.1898425057698132,0.5536218279145779,0.19093928121329024,0.22338938898612964,0.32862073980797424,0.3375950729732399,0.3255120409898022,0.17787174920801413,0.2860054418009141,0.3409342901470319,0.34145700181693606,0.28338177094467126,0.3424952264534852,0.28320749073888163,0.2793432510215244,0.1876933991201541
19_31,0.3936071385517837,0.384626777360069,0.40406366446118397,0.3844027996510185,0.40004133222860017,0.26445745434839335,0.39041796747854035,0.427174008747307,0.3615927353306197,0.4076843007294322,0.3398639871928123,0.2897397510494669,0.4766235727477402,0.364682093892272,0.36513518862444855,0.47172693694615697,0.36200032307367636,0.4725903811110186,0.4603917821846088,0.38983871519968855
20_32,0.3982909638225555,0.3133377925573424,0.3285435837363216,0.5191340949277997,0.37857880847829195,0.3037048060778795,0.3049378774469205,0.3436966972751615,0.33484320109612214,0.39399406777679,0.30961140592142933,0.31379940427085123,0.545979681416088,0.49758649977151537,0.49827288981719403,0.5403916559243623,0.4971060731595296,0.5420679128525274,0.5212775008995889,0.30751265052723153
21_33,0.5257328528183141,0.4232771179137994,0.4415082642038858,0.5147247574214211,0.45479899422851683,0.2829800447425188,0.44074582876587226,0.43438219805676487,0.4076575857673679,0.4339230640093258,0.39668777127049715,0.3752997874682201,0.47480849801583974,0.4952117578176568,0.49513704850253726,0.4701327671339633,0.4948451000204693,0.4695102808379935,0.45553665682114675,0.4217769394975349
22_34,0.46191597783280447,0.4164220470910423,0.45636671110797505,0.5174309569575807,0.38445162927364807,0.34045266125733764,0.45871149214869167,0.4493019516806095,0.2991373317574534,0.2784007276847363,0.2985452226879538,0.3737746146835507,0.4092885471884721,0.5407116001722285,0.5397993141382829,0.40245501537807044,0.5406943278949831,0.4040301560367611,0.3856696470064733,0.445558687331516
23_35,0.45068824265038987,0.32201360443935484,0.34542209353030034,0.5299204039869553,0.33580411663125453,0.4881753292691934,0.3521854828396208,0.37055427069756297,0.3395620809823381,0.32139182678878964,0.3428377907689795,0.34891074395504906,0.40012972285595605,0.574958211500235,0.5746531089163862,0.39284174057169075,0.5760575820028316,0.39742353753707305,0.3689680140694523,0.3432457426988298
24_36,0.38316022170839903,0.28366953246054494,0.2893812575658324,0.4681362024586567,0.26378338273731816,0.5610323008998216,0.2967326844273155,0.25660164077534886,0.37283143575820976,0.3963489267773273,0.35990312038132394,0.3070819888044211,0.37946245960558117,0.5131504324887868,0.512973301791379,0.3724060888153441,0.5140606251590151,0.37745000686583463,0.3485730951869085,0.28398337365759957
25_37,0.4221081813390737,0.3387226060872601,0.34976371560512226,0.4877405054510951,0.2968071934126584,0.634941354628926,0.34854789820941523,0.2201329165371712,0.2193018677713056,0.2458470055062838,0.20643040060088302,0.34318092704581143,0.41178456386177614,0.5287754680220685,0.5277515707866021,0.4077641173663025,0.5279153708018357,0.408445140240315,0.39026916537726214,0.34295344380118126
26_38,inf,0.4533124684145221,inf,inf,0.22090749329933232,0.552588340087495,0.4772548789504382,0.32414652852048026,inf,inf,inf,0.28716034127518925,0.37894721973990003,0.5139034443142732,0.5112813433451839,0.37903240863794624,0.5105110321662462,0.3747434332211358,0.37415292351592544,0.45692342973010536
