PDB ID,6lni,6uur,7dwv,7rl4,7un5
1_15,inf,inf,inf,inf,inf
2_16,inf,inf,inf,inf,inf
3_17,inf,inf,inf,inf,inf
4_18,inf,inf,inf,inf,inf
5_19,inf,inf,inf,inf,inf
6_20,inf,inf,inf,inf,inf
7_21,inf,inf,inf,inf,inf
8_22,inf,inf,inf,inf,inf
9_23,inf,inf,inf,inf,inf
10_24,inf,inf,inf,inf,inf
11_25,inf,inf,inf,inf,inf
12_26,inf,inf,inf,inf,inf
13_27,inf,inf,inf,inf,inf
14_28,inf,inf,inf,inf,inf
15_29,inf,inf,inf,inf,inf
16_30,inf,inf,inf,inf,inf
17_31,inf,inf,inf,inf,inf
18_32,inf,inf,inf,inf,inf
19_33,inf,inf,inf,inf,inf
20_34,inf,inf,inf,inf,inf
21_35,inf,inf,inf,inf,inf
22_36,inf,inf,inf,inf,inf
23_37,inf,inf,inf,inf,inf
24_38,inf,inf,inf,inf,inf
25_39,inf,inf,inf,inf,inf
26_40,inf,inf,inf,inf,inf
27_41,inf,inf,inf,inf,inf
28_42,inf,inf,inf,inf,inf
29_43,inf,inf,inf,inf,inf
30_44,inf,inf,inf,inf,inf
31_45,inf,inf,inf,inf,inf
32_46,inf,inf,inf,inf,inf
33_47,inf,inf,inf,inf,inf
34_48,inf,inf,inf,inf,inf
35_49,inf,inf,inf,inf,inf
36_50,inf,inf,inf,inf,inf
37_51,inf,inf,inf,inf,inf
38_52,inf,inf,inf,inf,inf
39_53,inf,inf,inf,inf,inf
40_54,inf,inf,inf,inf,inf
41_55,inf,inf,inf,inf,inf
42_56,inf,inf,inf,inf,inf
43_57,inf,inf,inf,inf,inf
44_58,inf,inf,inf,inf,inf
45_59,inf,inf,inf,inf,inf
46_60,inf,inf,inf,inf,inf
47_61,inf,inf,inf,inf,inf
48_62,inf,inf,inf,inf,inf
49_63,inf,inf,inf,inf,inf
50_64,inf,inf,inf,inf,inf
51_65,inf,inf,inf,inf,inf
52_66,inf,inf,inf,inf,inf
53_67,inf,inf,inf,inf,inf
54_68,inf,inf,inf,inf,inf
55_69,inf,inf,inf,inf,inf
56_70,inf,inf,inf,inf,inf
57_71,inf,inf,inf,inf,inf
58_72,inf,inf,inf,inf,inf
59_73,inf,inf,inf,inf,inf
60_74,inf,inf,inf,inf,inf
61_75,inf,inf,inf,inf,inf
62_76,inf,inf,inf,inf,inf
63_77,inf,inf,inf,inf,inf
64_78,inf,inf,inf,inf,inf
65_79,inf,inf,inf,inf,inf
66_80,inf,inf,inf,inf,inf
67_81,inf,inf,inf,inf,inf
68_82,inf,inf,inf,inf,inf
69_83,inf,inf,inf,inf,inf
70_84,inf,inf,inf,inf,inf
71_85,inf,inf,inf,inf,inf
72_86,inf,inf,inf,inf,inf
73_87,inf,inf,inf,inf,inf
74_88,inf,inf,inf,inf,inf
75_89,inf,inf,inf,inf,inf
76_90,inf,inf,inf,inf,inf
77_91,inf,inf,inf,inf,inf
78_92,inf,inf,inf,inf,inf
79_93,inf,inf,inf,inf,inf
80_94,inf,inf,inf,inf,inf
81_95,inf,inf,inf,inf,0.29537168403983893
82_96,inf,inf,inf,inf,0.52977176931254
83_97,inf,inf,inf,inf,0.3629870631812968
84_98,inf,inf,inf,inf,0.2641856726345592
85_99,inf,inf,inf,inf,0.27275814264458054
86_100,inf,inf,inf,inf,0.2603295889801987
87_101,inf,inf,inf,inf,0.2941726171820777
88_102,inf,inf,inf,inf,0.3189685164575782
89_103,inf,inf,inf,inf,0.34517820679305095
90_104,inf,inf,inf,inf,0.39445067334227585
91_105,inf,inf,inf,inf,0.3614861283274732
92_106,inf,inf,inf,inf,0.3241938628663879
93_107,inf,inf,inf,inf,0.3238585605212946
94_108,inf,inf,inf,inf,0.3501279629793746
95_109,inf,inf,inf,inf,0.34672252653807306
96_110,inf,inf,inf,inf,0.29716867221782234
97_111,inf,inf,inf,inf,0.30146672236812827
98_112,inf,inf,inf,inf,0.2643229682336317
99_113,inf,inf,inf,inf,0.25185126124742163
100_114,inf,inf,inf,inf,0.29134625453989316
101_115,inf,inf,inf,inf,0.2556282112222934
102_116,inf,inf,inf,inf,0.3770684889129746
103_117,inf,inf,inf,inf,0.26524919883039055
104_118,inf,inf,inf,inf,0.2929719161446237
105_119,inf,inf,inf,inf,0.2973707443606757
106_120,inf,inf,inf,inf,0.32157090440085967
107_121,inf,0.9027154144854915,inf,inf,0.26220251296450264
108_122,inf,0.8206458667506323,inf,inf,0.29923322417902126
109_123,inf,0.6356099742897026,inf,0.7060639748386869,0.31955829398975116
110_124,inf,0.5064096122344273,inf,0.691837400021256,0.44164768463274395
111_125,inf,0.41469647481867833,inf,0.5734292481262895,0.4557842327129517
112_126,inf,0.5623968876020247,inf,0.5920744191219396,0.3326671541352709
113_127,inf,0.5365251230633892,inf,0.6397730666848216,0.3963637196475363
114_128,inf,0.5363394156999218,inf,0.6390232824079634,0.5191721336801696
115_129,inf,0.611677853494469,inf,0.592302553846862,0.5960603494403737
116_130,inf,0.8679618632517159,inf,0.364478423020576,0.6544425114945794
117_131,inf,0.5246878636438106,inf,0.3544403003921841,0.558888907985181
118_132,inf,0.5829007805230252,inf,0.42823470993274554,0.587439135649835
119_133,inf,0.47612616965396376,inf,0.4988382642046352,0.6903224489535977
120_134,inf,0.5660341853618303,inf,0.5066182071229833,0.7406188437853058
121_135,inf,0.5944595975848629,inf,0.47494718851213075,0.6422743183229792
122_136,inf,0.6822738584631424,inf,0.5397278570311903,0.6212218252485318
123_137,inf,0.6426485525117472,inf,0.5861995572162064,0.6081505680542534
124_138,inf,0.5991018428285588,inf,0.6180444273308106,0.5926417605633046
125_139,inf,0.4961523122660192,inf,0.5474995931412105,0.5547000820357784
126_140,inf,0.40991529392297155,inf,0.46503247620513627,0.4433000148668027
127_141,inf,0.6206239535707794,inf,0.541957283567748,0.6554256937871517
128_142,inf,0.4999284548764062,inf,inf,inf
129_143,inf,0.6981326938731967,inf,inf,inf
130_144,inf,0.4710869418256641,inf,inf,inf
131_145,inf,0.434729698833352,inf,inf,inf
132_146,inf,inf,inf,inf,inf
133_147,inf,inf,inf,inf,inf
134_148,inf,inf,inf,inf,inf
135_149,inf,inf,inf,inf,inf
136_150,inf,inf,inf,inf,inf
137_151,inf,inf,inf,inf,inf
138_152,inf,inf,inf,inf,inf
139_153,inf,inf,inf,inf,inf
140_154,inf,inf,inf,inf,inf
141_155,inf,inf,inf,inf,inf
142_156,inf,inf,inf,inf,inf
143_157,inf,inf,inf,inf,inf
144_158,inf,inf,inf,inf,inf
145_159,inf,inf,inf,inf,inf
146_160,inf,inf,inf,inf,inf
147_161,inf,inf,inf,inf,inf
148_162,inf,inf,inf,inf,inf
149_163,inf,inf,inf,inf,inf
150_164,inf,inf,inf,inf,inf
151_165,inf,inf,inf,inf,inf
152_166,inf,inf,inf,inf,inf
153_167,inf,inf,inf,inf,inf
154_168,inf,inf,inf,inf,inf
155_169,inf,inf,inf,inf,inf
156_170,inf,inf,inf,inf,inf
157_171,inf,inf,inf,inf,inf
158_172,inf,inf,inf,inf,inf
159_173,inf,inf,inf,inf,inf
160_174,inf,inf,inf,inf,inf
161_175,inf,inf,inf,inf,inf
162_176,inf,inf,inf,inf,inf
163_177,inf,inf,inf,inf,inf
164_178,inf,inf,inf,inf,inf
165_179,inf,inf,inf,inf,inf
166_180,inf,inf,inf,inf,inf
167_181,inf,inf,inf,inf,inf
168_182,inf,inf,inf,inf,inf
169_183,inf,inf,inf,inf,inf
170_184,inf,inf,inf,inf,inf
171_185,0.5900467882227629,inf,inf,inf,inf
172_186,0.5129882093813685,inf,inf,inf,inf
173_187,0.38871249920341955,inf,inf,inf,inf
174_188,0.26526781806639244,inf,inf,inf,inf
175_189,0.30859314822164663,inf,inf,inf,inf
176_190,0.5705386389692539,inf,0.6498995407075192,inf,inf
177_191,0.5800812150391558,inf,0.6001547831978155,inf,inf
178_192,0.43602904370345374,inf,0.5022220336487639,inf,inf
179_193,0.6534372475807009,inf,0.7944329473774352,inf,inf
180_194,0.7240499931450517,inf,0.8374630583774815,inf,inf
181_195,0.26176016698310267,inf,0.4766939541217742,inf,inf
182_196,0.6434050466754241,inf,0.7199985398177153,inf,inf
183_197,0.3463810738098366,inf,0.39814630635591225,inf,inf
184_198,0.40808345681748753,inf,0.3817528102937483,inf,inf
185_199,0.38244036014138816,inf,0.44953669785878186,inf,inf
186_200,0.3436155699769496,inf,0.7512291514086206,inf,inf
187_201,0.521682549789391,inf,0.9952667153612665,inf,inf
188_202,0.6376171337600981,inf,1.1142052109716816,inf,inf
189_203,0.5575596798708411,inf,0.7606729877297844,inf,inf
190_204,0.6726377210713606,inf,0.6529912901382484,inf,inf
191_205,0.7217233890137786,inf,0.6386843206376878,inf,inf
192_206,0.39251411191418717,inf,0.779179437913861,inf,inf
193_207,0.3727379705838897,inf,0.8418627952303718,inf,inf
194_208,0.5196404176266108,inf,0.35275774497621704,inf,inf
195_209,0.4077168242926114,inf,0.4223273260367657,inf,inf
196_210,0.4903430571619472,inf,0.6283755940466764,inf,inf
197_211,0.48467991883412037,inf,0.5435465360189935,inf,inf
