,2n0a.pdb
1-15,
2-16,
3-17,
4-18,
5-19,
6-20,
7-21,
8-22,
9-23,
10-24,
11-25,
12-26,
13-27,
14-28,
15-29,
16-30,
17-31,
18-32,
19-33,
20-34,
21-35,
22-36,
23-37,
24-38,
25-39,
26-40,
27-41,
28-42,
29-43,
30-44,
31-45,
32-46,
33-47,
34-48,
35-49,
36-50,
37-51,
38-52,
39-53,
40-54,
41-55,
42-56,0.4947807836260581
43-57,1.0202446044989864
44-58,0.4712904974096188
45-59,0.9886503171907521
46-60,0.7941494316947038
47-61,0.5925133464256931
48-62,0.5355857482629268
49-63,0.4938899460483172
50-64,0.4879062491842978
51-65,0.4484291197617908
52-66,0.4867010564562042
53-67,0.516927972284516
54-68,0.5329697810047184
55-69,0.48046709207488186
56-70,0.46032979255559464
57-71,0.4499463381402533
58-72,0.4334382958508119
59-73,0.4010252036813924
60-74,0.3990167597966575
61-75,0.41321657566857495
62-76,0.6098907948531176
63-77,0.7129630256527607
64-78,0.8012681333765832
65-79,0.645264877962624
66-80,0.456413727722649
67-81,0.4128374303674406
68-82,0.4212455602025298
69-83,0.606484793120378
70-84,0.5942080254463299
71-85,0.5970220122053864
72-86,0.6950728786229553
73-87,0.7464637137256642
74-88,0.49934454591968147
75-89,0.6686871209214074
76-90,0.5759474772390357
77-91,0.6060107773663489
78-92,0.5273784144191173
79-93,0.5353153946949549
80-94,0.6717094547945093
81-95,0.7833873778291901
82-96,0.8089993079595461
83-97,0.8577108536953801
84-98,0.8630222755991286
85-99,0.7711596257939933
86-100,0.7073387058488209
87-101,0.7314008823055638
88-102,0.5591389766078317
89-103,
90-104,
91-105,
92-106,
93-107,
94-108,
95-109,
96-110,
97-111,
98-112,
99-113,
100-114,
101-115,
102-116,
103-117,
104-118,
105-119,
106-120,
107-121,
108-122,
109-123,
110-124,
111-125,
112-126,
113-127,
114-128,
115-129,
116-130,
117-131,
118-132,
119-133,
120-134,
121-135,
122-136,
123-137,
124-138,
125-139,
126-140,
