,7nca.pdb
1-15,
2-16,
3-17,
4-18,
5-19,
6-20,
7-21,
8-22,
9-23,
10-24,
11-25,
12-26,
13-27,
14-28,
15-29,
16-30,
17-31,
18-32,
19-33,
20-34,
21-35,
22-36,
23-37,
24-38,
25-39,
26-40,
27-41,
28-42,
29-43,
30-44,
31-45,
32-46,
33-47,
34-48,
35-49,
36-50,
37-51,0.40365535731977337
38-52,0.5271429424066542
39-53,0.6396904989305288
40-54,0.6712984338130089
41-55,0.7282265882699429
42-56,0.5607104612351355
43-57,1.0864089947651276
44-58,0.493960269994782
45-59,0.9051755135581786
46-60,0.7204697745931083
47-61,0.6918867275677631
48-62,0.7373181417400523
49-63,0.8062338341869486
50-64,0.7446983271259107
51-65,0.8948254359779437
52-66,0.7079569814264158
53-67,0.8164017695167605
54-68,0.8372226552526337
55-69,0.6280790116971343
56-70,0.5774941492942833
57-71,0.5217198503376539
58-72,0.5876544590522621
59-73,0.6119122307577083
60-74,0.6598144346175577
61-75,0.7423976134564239
62-76,0.7270836528632065
63-77,0.7697009984569475
64-78,0.800529196100219
65-79,0.6922300698140061
66-80,0.7620611154878048
67-81,0.7272536322015158
68-82,0.7020445954181519
69-83,0.21470055390213572
70-84,0.6028152625761138
71-85,0.21539077178765692
72-86,0.2877997137026985
73-87,0.2992449502737133
74-88,0.477513269916655
75-89,0.25648298141031894
76-90,0.28073297801719005
77-91,0.33653051007894197
78-92,0.4293956709602669
79-93,0.4672841955507127
80-94,0.5981621433299118
81-95,0.6594225333437311
82-96,0.42422701217548825
83-97,0.5247253561189325
84-98,
85-99,
86-100,
87-101,
88-102,
89-103,
90-104,
91-105,
92-106,
93-107,
94-108,
95-109,
96-110,
97-111,
98-112,
99-113,
100-114,
101-115,
102-116,
103-117,
104-118,
105-119,
106-120,
107-121,
108-122,
109-123,
110-124,
111-125,
112-126,
113-127,
114-128,
115-129,
116-130,
117-131,
118-132,
119-133,
120-134,
121-135,
122-136,
123-137,
124-138,
125-139,
126-140,
