,7wo0.pdb
1-15,
2-16,
3-17,
4-18,
5-19,
6-20,
7-21,
8-22,
9-23,
10-24,
11-25,
12-26,
13-27,
14-28,
15-29,
16-30,
17-31,
18-32,
19-33,
20-34,
21-35,
22-36,
23-37,
24-38,
25-39,
26-40,
27-41,
28-42,
29-43,
30-44,
31-45,
32-46,
33-47,
34-48,
35-49,0.3287189065211116
36-50,0.38141195901478503
37-51,0.3638281817786833
38-52,0.4895172209492281
39-53,
40-54,
41-55,
42-56,
43-57,
44-58,
45-59,
46-60,
47-61,
48-62,
49-63,
50-64,
51-65,
52-66,
53-67,
54-68,0.8536816033764943
55-69,0.650902987225658
56-70,0.5895821833515996
57-71,0.5301772215303545
58-72,0.5672844187473325
59-73,0.5891567988735885
60-74,0.6300357046424723
61-75,0.7248143162146463
62-76,0.7004915425534516
63-77,0.7459138686589905
64-78,0.7826503313950554
65-79,0.6858702845791411
66-80,0.7689976941386024
67-81,0.7310554972124883
68-82,0.7131353394137646
69-83,0.20440773917761157
70-84,0.6184550345798892
71-85,0.20580470685444252
72-86,0.29749814980420897
73-87,0.30388169849446733
74-88,0.4420968498104232
75-89,0.25112036129151794
76-90,0.26260940532580823
77-91,0.323910581459818
78-92,0.41181283967057497
79-93,0.4474660171136485
80-94,0.5748864637218953
81-95,0.6334329056825129
82-96,0.41398602823285613
83-97,0.5315631786874021
84-98,0.48455946274459766
85-99,0.4014306155615159
86-100,
87-101,
88-102,
89-103,
90-104,
91-105,
92-106,
93-107,
94-108,
95-109,
96-110,
97-111,
98-112,
99-113,
100-114,
101-115,
102-116,
103-117,
104-118,
105-119,
106-120,
107-121,
108-122,
109-123,
110-124,
111-125,
112-126,
113-127,
114-128,
115-129,
116-130,
117-131,
118-132,
119-133,
120-134,
121-135,
122-136,
123-137,
124-138,
125-139,
126-140,
