,8a9l.pdb
1-15,
2-16,
3-17,
4-18,
5-19,
6-20,
7-21,
8-22,
9-23,
10-24,
11-25,
12-26,
13-27,
14-28,
15-29,
16-30,
17-31,
18-32,
19-33,
20-34,
21-35,
22-36,
23-37,
24-38,
25-39,
26-40,
27-41,
28-42,
29-43,
30-44,
31-45,0.4261216886060038
32-46,0.41996021221362306
33-47,0.37630016387628046
34-48,0.4699385258667126
35-49,0.5726156526627038
36-50,0.5659654463877265
37-51,0.6585648557928082
38-52,0.6558193621827183
39-53,0.7019462093997023
40-54,0.5784396810161682
41-55,0.5615379900045206
42-56,0.5389415039444543
43-57,0.8232416264310303
44-58,0.3655193588972219
45-59,0.8491875578786687
46-60,0.6967590160300793
47-61,0.6089440483772091
48-62,0.6968434957334777
49-63,0.8044963648572886
50-64,0.7788133404954443
51-65,0.9160600072603732
52-66,0.7299736406197236
53-67,0.8375151440218706
54-68,0.8584423559371377
55-69,0.7027850234944797
56-70,0.5688642761259228
57-71,0.5096236578003168
58-72,0.3843641147359497
59-73,0.33832257499000334
60-74,0.323589390455073
61-75,0.3626898660374267
62-76,0.5855277080377235
63-77,0.6404250289248551
64-78,0.7130466802828133
65-79,0.5244452443353681
66-80,0.3661678520732344
67-81,0.27390242941768456
68-82,0.2678434262642841
69-83,0.6614510904919739
70-84,0.3130618475708629
71-85,0.5995626208467891
72-86,0.6070573805310963
73-87,0.7570003183143963
74-88,0.4340649270714452
75-89,0.7505474435395221
76-90,0.6849136592947522
77-91,0.7800492426796467
78-92,0.7175796584620694
79-93,0.7142304610495431
80-94,0.7621047501155107
81-95,0.8391800282445259
82-96,0.537230628029013
83-97,0.4249774578447009
84-98,0.3679798058310366
85-99,0.4357573397016614
86-100,0.5919663416545251
87-101,
88-102,
89-103,
90-104,
91-105,
92-106,
93-107,
94-108,
95-109,
96-110,
97-111,
98-112,
99-113,
100-114,
101-115,
102-116,
103-117,
104-118,
105-119,
106-120,
107-121,
108-122,
109-123,
110-124,
111-125,
112-126,
113-127,
114-128,
115-129,
116-130,
117-131,
118-132,
119-133,
120-134,
121-135,
122-136,
123-137,
124-138,
125-139,
126-140,
