,8GF7.pdb
1-15,
2-16,
3-17,
4-18,
5-19,
6-20,
7-21,0.6052119602432646
8-22,0.6704553123058581
9-23,0.7410312916870035
10-24,0.8303470392949139
11-25,0.8947574094622637
12-26,0.9719177922364935
13-27,0.6729486281229752
14-28,0.43040612531346883
15-29,0.5441114592349704
16-30,0.7964078901401881
17-31,0.7908790802643145
18-32,0.768682078549241
19-33,0.6292957467909361
20-34,0.5874075780237855
21-35,0.7830410039122906
22-36,0.6005065565648217
23-37,0.6678072608827672
24-38,0.7071709012456276
25-39,0.8724368019523223
26-40,1.009995518675596
27-41,1.080350599125306
28-42,1.110970451693763
29-43,0.9051225344389654
30-44,0.3097115943783828
31-45,0.33796122651537264
32-46,0.38316726568959764
33-47,0.4192314629545395
34-48,0.6152781352206103
35-49,0.7243394674732183
36-50,0.6572425177507952
37-51,0.5772450648904289
38-52,0.6400882455350471
39-53,0.7039783344528437
40-54,0.7614604639674476
41-55,0.7162699237218224
42-56,0.48146068744374154
43-57,1.151264766666846
44-58,0.5372556285544179
45-59,1.0939364668494853
46-60,0.848263605256978
47-61,0.6376677636753043
48-62,0.5504974637115239
49-63,0.4447881911457201
50-64,0.5145980329993236
51-65,0.33154713022125015
52-66,0.6454745005704488
53-67,0.4348676680619221
54-68,0.29142835302276043
55-69,0.30757669078158684
56-70,0.3270907260437153
57-71,0.31578268988382713
58-72,0.32108094700996914
59-73,0.31740554875561294
60-74,0.3196537689516211
61-75,0.32036443689849103
62-76,0.3731068108876592
63-77,0.4651510840690989
64-78,0.7127246465414334
65-79,0.7320000021576414
66-80,0.602327479355912
67-81,0.49196540734610333
68-82,0.4566164632148838
69-83,0.7081661189742509
70-84,0.5018933813316869
71-85,0.6060835975177625
72-86,0.6542706387878712
73-87,0.7699347848081692
74-88,0.4485328500508485
75-89,0.7251422761882008
76-90,0.6525639503779267
77-91,0.7428600185595351
78-92,0.6781419625258375
79-93,0.6927950832591455
80-94,0.8318623240616652
81-95,0.893009396286673
82-96,0.6587186399967813
83-97,
84-98,
85-99,
86-100,
87-101,
88-102,
89-103,
90-104,
91-105,
92-106,
93-107,
94-108,
95-109,
96-110,
97-111,
98-112,
99-113,
100-114,
101-115,
102-116,
103-117,
104-118,
105-119,
106-120,
107-121,
108-122,
109-123,
110-124,
111-125,
112-126,
113-127,
114-128,
115-129,
116-130,
117-131,
118-132,
119-133,
120-134,
121-135,
122-136,
123-137,
124-138,
125-139,
126-140,
