Fragment,RMSD 1,RMSD 2,RMSD 3,RMSD 4,RMSD 5,Average RMSD
31-45,0.42534855719240233,0.362314931320405,0.344458251178296,0.3396872288263475,0.34138320872719496,0.36263843544892915
33-47,0.37498725009668943,0.3453856393929731,0.3408685261918289,0.3381586413791588,0.332726507913372,0.3464253129948045
35-49,0.572203709599923,0.5966313586602322,0.5961257068944588,0.6000981511545012,0.6027646963237338,0.5935647245265697
37-51,0.6581810810510467,0.6883343428682184,0.7121396405046894,0.7313071717257058,0.7314405131959003,0.7042805498691121
39-53,0.7017982431035297,0.7127138276727731,0.7139198985450752,0.7136811807245991,0.7100991846322332,0.7104424669356422
41-55,0.5631620336989703,0.5597761354636285,0.566599587446434,0.5748158052709129,0.5840555700581465,0.5696818263876184
43-57,0.8242847484090357,0.8176934590080793,0.8137244970410074,0.8096794269011007,0.7837870588110357,0.8098338380340518
45-59,0.8500495120417982,0.8659423817996432,0.8622771285189798,0.856532010968887,0.8500772646998862,0.8569756596058389
47-61,0.6100278808986103,0.6191297892435519,0.6137576694475867,0.6049264578131233,0.6295940951363601,0.6154871785078465
49-63,0.8050796059535719,0.8045286724854601,0.7964120976194443,0.7933078446450904,0.8616213223677147,0.8121899086142563
51-65,0.9171257127122884,0.8862820946077788,0.8720918628409207,0.8742105680490525,1.0044022050060126,0.9108224886432107
53-67,0.8373981385728886,0.7619185146431273,0.7493408668991064,0.7495262501868747,0.7917849904753794,0.7779937521554753
55-69,0.7030107137654411,0.6416985653181553,0.6325454288089886,0.6331572926601559,0.6363384011201851,0.6493500803345852
57-71,0.5122021882956154,0.5136442041763087,0.5241467151402973,0.5234339810074154,0.5195067304144634,0.51858676380682
59-73,0.3408632901353995,0.33652063460643666,0.3375392222877175,0.33733681432270435,0.33865318032616537,0.3381826283356847
61-75,0.3685588651175373,0.3557439325012094,0.3509465050055931,0.34680973346265365,0.32702088530201734,0.34981598427780214
63-77,0.639996329902814,0.6274431622401792,0.6224007771754526,0.6139131437988333,0.6215881491151641,0.6250683124464887
65-79,0.5251355495483186,0.528390966754907,0.512708442928682,0.4962104966557199,0.4805202897560351,0.5085931491287327
67-81,0.2773037538159868,0.2749042889244588,0.27886131071833614,0.29222168293006584,0.30306030752095214,0.28527026878195993
69-83,0.6638861534993231,0.6523902693949126,0.6294573253381478,0.6036264604655163,0.5761870541592787,0.6251094525714358
71-85,0.6020097625992554,0.5942288437565234,0.581407267405214,0.5725338697924353,0.5800210274085035,0.5860401541923864
73-87,0.758796455373925,0.7349931924511259,0.7174769521815298,0.696674067136233,0.6840114428217827,0.7183904219929192
75-89,0.7522326455178224,0.7337981546815042,0.7232849691280503,0.7170401732147529,0.7157082868340896,0.7284128458752439
77-91,0.780929747481469,0.7721069421963707,0.7630272012902845,0.7508561639279717,0.7417729476230489,0.7617386005038289
79-93,0.7159020890363347,0.7164723076204552,0.7102771303657036,0.7004507414603863,0.6908240461134951,0.706785262919275
81-95,0.8410788776274996,0.8468968415701197,0.8144071882985622,0.8086095470110067,0.8275830500163783,0.8277151009047133
83-97,0.424958406935784,0.5166210220198549,0.505382892193488,0.49546719770278574,0.43845246457013654,0.47617639668440986
85-99,0.43831791524847613,0.49704983633917,0.482645828007313,0.47824866328314086,0.317324141548565,0.442717276885333
