PDB ID,7kwz,7py2,7q3u,9fof
1_15,inf,inf,inf,inf
2_16,inf,inf,inf,inf
3_17,inf,inf,inf,inf
4_18,inf,inf,inf,inf
5_19,inf,inf,inf,inf
6_20,inf,inf,inf,inf
7_21,inf,inf,inf,inf
8_22,inf,inf,inf,inf
9_23,inf,inf,inf,inf
10_24,inf,inf,inf,inf
11_25,inf,inf,inf,inf
12_26,inf,inf,inf,inf
13_27,inf,inf,inf,inf
14_28,inf,inf,inf,inf
15_29,inf,inf,inf,inf
16_30,inf,inf,inf,inf
17_31,inf,inf,inf,inf
18_32,inf,inf,inf,inf
19_33,inf,inf,inf,inf
20_34,inf,inf,inf,inf
21_35,inf,inf,inf,inf
22_36,inf,inf,inf,inf
23_37,inf,inf,inf,inf
24_38,inf,inf,inf,inf
25_39,inf,inf,inf,inf
26_40,inf,inf,inf,inf
27_41,inf,inf,inf,inf
28_42,inf,inf,inf,inf
29_43,inf,inf,inf,inf
30_44,inf,inf,inf,inf
31_45,inf,inf,inf,inf
32_46,inf,inf,inf,inf
33_47,inf,inf,inf,inf
34_48,inf,inf,inf,inf
35_49,inf,inf,inf,inf
36_50,inf,inf,inf,inf
37_51,inf,inf,inf,inf
38_52,inf,inf,inf,inf
39_53,inf,inf,inf,inf
40_54,inf,inf,inf,inf
41_55,inf,inf,inf,inf
42_56,inf,inf,inf,inf
43_57,inf,inf,inf,inf
44_58,inf,inf,inf,inf
45_59,inf,inf,inf,inf
46_60,inf,inf,inf,inf
47_61,inf,inf,inf,inf
48_62,inf,inf,inf,inf
49_63,inf,inf,inf,inf
50_64,inf,inf,inf,inf
51_65,inf,inf,inf,inf
52_66,inf,inf,inf,inf
53_67,inf,inf,inf,inf
54_68,inf,inf,inf,inf
55_69,inf,inf,inf,inf
56_70,inf,inf,inf,inf
57_71,inf,inf,inf,inf
58_72,inf,inf,inf,inf
59_73,inf,inf,inf,inf
60_74,inf,inf,inf,inf
61_75,inf,inf,inf,inf
62_76,inf,inf,inf,inf
63_77,inf,inf,inf,inf
64_78,inf,inf,inf,inf
65_79,inf,inf,inf,inf
66_80,inf,inf,inf,inf
67_81,inf,inf,inf,inf
68_82,inf,inf,inf,inf
69_83,inf,inf,inf,inf
70_84,inf,inf,inf,inf
71_85,inf,inf,inf,inf
72_86,inf,inf,inf,inf
73_87,inf,inf,inf,inf
74_88,inf,inf,inf,inf
75_89,inf,inf,inf,inf
76_90,inf,inf,inf,inf
77_91,inf,inf,inf,inf
78_92,inf,inf,inf,inf
79_93,inf,inf,inf,inf
80_94,inf,inf,inf,inf
81_95,inf,inf,inf,inf
82_96,inf,inf,inf,inf
83_97,inf,inf,inf,inf
84_98,inf,inf,inf,inf
85_99,inf,inf,inf,inf
86_100,inf,inf,inf,inf
87_101,inf,inf,inf,inf
88_102,inf,inf,inf,inf
89_103,inf,inf,inf,inf
90_104,inf,inf,inf,inf
91_105,inf,inf,inf,inf
92_106,inf,inf,inf,inf
93_107,inf,inf,inf,inf
94_108,inf,inf,inf,inf
95_109,inf,inf,inf,inf
96_110,inf,inf,inf,inf
97_111,inf,inf,inf,inf
98_112,inf,inf,inf,inf
99_113,inf,inf,inf,inf
100_114,inf,inf,inf,inf
101_115,inf,inf,inf,inf
102_116,inf,inf,inf,inf
103_117,inf,inf,inf,inf
104_118,inf,inf,inf,inf
105_119,inf,inf,inf,inf
106_120,inf,inf,inf,inf
107_121,inf,inf,inf,inf
108_122,inf,inf,inf,inf
109_123,inf,inf,inf,inf
110_124,inf,inf,inf,inf
111_125,inf,inf,inf,inf
112_126,inf,inf,inf,inf
113_127,inf,inf,inf,inf
114_128,inf,inf,inf,inf
115_129,inf,inf,inf,inf
116_130,inf,inf,inf,inf
117_131,inf,inf,inf,inf
118_132,inf,inf,inf,inf
119_133,inf,inf,inf,inf
120_134,inf,inf,inf,inf
121_135,inf,inf,inf,inf
122_136,inf,inf,inf,inf
123_137,inf,inf,inf,inf
124_138,inf,inf,inf,inf
125_139,inf,inf,inf,inf
126_140,inf,inf,inf,inf
127_141,inf,inf,inf,inf
128_142,inf,inf,inf,inf
129_143,inf,inf,inf,inf
130_144,inf,inf,inf,inf
131_145,inf,inf,inf,inf
132_146,inf,inf,inf,inf
133_147,inf,inf,inf,inf
134_148,inf,inf,inf,inf
135_149,inf,inf,inf,inf
136_150,inf,inf,inf,inf
137_151,inf,inf,inf,inf
138_152,inf,inf,inf,inf
139_153,inf,inf,inf,inf
140_154,inf,inf,inf,inf
141_155,inf,inf,inf,inf
142_156,inf,inf,inf,inf
143_157,inf,inf,inf,inf
144_158,inf,inf,inf,inf
145_159,inf,inf,inf,inf
146_160,inf,inf,inf,inf
147_161,inf,inf,inf,inf
148_162,inf,inf,inf,inf
149_163,inf,inf,inf,inf
150_164,inf,inf,inf,inf
151_165,inf,inf,inf,inf
152_166,inf,inf,inf,inf
153_167,inf,inf,inf,inf
154_168,inf,inf,inf,inf
155_169,inf,inf,inf,inf
156_170,inf,inf,inf,inf
157_171,inf,inf,inf,inf
158_172,inf,inf,inf,inf
159_173,inf,inf,inf,inf
160_174,inf,inf,inf,inf
161_175,inf,inf,inf,inf
162_176,inf,inf,inf,inf
163_177,inf,inf,inf,inf
164_178,inf,inf,inf,inf
165_179,inf,inf,inf,inf
166_180,inf,inf,inf,inf
167_181,inf,inf,inf,inf
168_182,inf,inf,inf,inf
169_183,inf,inf,inf,inf
170_184,inf,inf,inf,inf
171_185,inf,inf,inf,inf
172_186,inf,inf,inf,inf
173_187,inf,inf,inf,inf
174_188,inf,inf,inf,inf
175_189,inf,inf,inf,inf
176_190,inf,inf,inf,inf
177_191,inf,inf,inf,inf
178_192,inf,inf,inf,inf
179_193,inf,inf,inf,inf
180_194,inf,inf,inf,inf
181_195,inf,inf,inf,inf
182_196,inf,inf,inf,inf
183_197,inf,inf,inf,inf
184_198,inf,inf,inf,inf
185_199,inf,inf,inf,inf
186_200,inf,inf,inf,inf
187_201,inf,inf,inf,inf
188_202,inf,inf,inf,inf
189_203,inf,inf,inf,inf
190_204,inf,inf,inf,inf
191_205,inf,inf,inf,inf
192_206,inf,inf,inf,inf
193_207,inf,inf,inf,inf
194_208,inf,inf,inf,inf
195_209,inf,inf,inf,inf
196_210,inf,inf,inf,inf
197_211,inf,inf,inf,inf
198_212,inf,inf,inf,inf
199_213,inf,inf,inf,inf
200_214,inf,inf,inf,inf
201_215,inf,inf,inf,inf
202_216,inf,inf,inf,inf
203_217,inf,inf,inf,inf
204_218,inf,inf,inf,inf
205_219,inf,inf,inf,inf
206_220,inf,inf,inf,inf
207_221,inf,inf,inf,inf
208_222,inf,inf,inf,inf
209_223,inf,inf,inf,inf
210_224,inf,inf,inf,inf
211_225,inf,inf,inf,inf
212_226,inf,inf,inf,inf
213_227,inf,inf,inf,inf
214_228,inf,inf,inf,inf
215_229,inf,inf,inf,inf
216_230,inf,inf,inf,inf
217_231,inf,inf,inf,inf
218_232,inf,inf,inf,inf
219_233,inf,inf,inf,inf
220_234,inf,inf,inf,inf
221_235,inf,inf,inf,inf
222_236,inf,inf,inf,inf
223_237,inf,inf,inf,inf
224_238,inf,inf,inf,inf
225_239,inf,inf,inf,inf
226_240,inf,inf,inf,inf
227_241,inf,inf,inf,inf
228_242,inf,inf,inf,inf
229_243,inf,inf,inf,inf
230_244,inf,inf,inf,inf
231_245,inf,inf,inf,inf
232_246,inf,inf,inf,inf
233_247,inf,inf,inf,inf
234_248,inf,inf,inf,inf
235_249,inf,inf,inf,inf
236_250,inf,inf,inf,inf
237_251,inf,inf,inf,inf
238_252,inf,inf,inf,inf
239_253,inf,inf,inf,inf
240_254,inf,inf,inf,inf
241_255,inf,inf,inf,inf
242_256,inf,inf,inf,inf
243_257,inf,inf,inf,inf
244_258,inf,inf,inf,inf
245_259,inf,inf,inf,inf
246_260,inf,inf,inf,inf
247_261,inf,inf,inf,inf
248_262,inf,inf,inf,inf
249_263,inf,inf,inf,inf
250_264,inf,inf,inf,inf
251_265,inf,inf,inf,inf
252_266,inf,inf,inf,inf
253_267,inf,inf,inf,inf
254_268,inf,inf,inf,inf
255_269,inf,inf,inf,inf
256_270,inf,inf,inf,inf
257_271,inf,inf,inf,inf
258_272,inf,inf,inf,inf
259_273,inf,inf,inf,inf
260_274,inf,inf,inf,inf
261_275,inf,inf,inf,inf
262_276,inf,inf,inf,inf
263_277,inf,inf,inf,inf
264_278,inf,inf,inf,inf
265_279,inf,inf,inf,inf
266_280,inf,inf,inf,inf
267_281,inf,inf,inf,inf
268_282,inf,inf,inf,inf
269_283,inf,inf,inf,inf
270_284,inf,inf,inf,inf
271_285,inf,inf,inf,inf
272_286,inf,inf,inf,inf
273_287,inf,inf,inf,inf
274_288,inf,inf,inf,inf
275_289,inf,inf,inf,inf
276_290,inf,inf,inf,inf
277_291,0.4168184852254132,inf,inf,inf
278_292,0.336907390399707,inf,inf,inf
279_293,0.3339334566949283,inf,inf,inf
280_294,0.41717504600735217,inf,inf,inf
281_295,0.40134106573824085,inf,inf,inf
282_296,0.4674619534354415,inf,0.3356693732496302,inf
283_297,0.36061574178224715,0.33615913957978494,0.30020516309635314,0.7237983403506771
284_298,0.5006192161933908,0.35428307958228056,0.5386536640508449,0.5191093490840496
285_299,0.4325173128287834,0.3939489973565545,0.4896552738319855,0.5531770505937261
286_300,0.3158753533911372,0.5789292576303581,0.34254070366251993,0.5266195339118346
287_301,0.49222020375832604,0.5293195367624508,0.36631840758669265,0.5284746971366356
288_302,0.5511461517195441,0.7863014479310719,0.5676065893468019,0.5669381582518848
289_303,0.4813313476597469,0.7084098716736247,0.6138134063859086,0.4703405978012857
290_304,0.4733146548821834,0.7213025923330717,0.7547156120973315,0.4291108553469473
291_305,0.3978081595726153,0.7829197546656059,0.7884947531962515,0.5233356803651111
292_306,0.3540183749499317,0.679782377238413,0.7150472960777499,0.6011499093622642
293_307,0.3286656538910976,0.5902257554858006,0.6341641826840061,0.6091202073509965
294_308,0.32350872953495596,0.5656559628276867,0.6213334042599603,0.7026215426116761
295_309,0.33048230997007033,0.525811273092937,0.6675959902840872,0.8064429802290572
296_310,0.3395114103702176,0.5841611882710207,0.8063318585892032,0.920401612980616
297_311,0.310608812485811,0.5295075755660079,0.753666001019221,0.8740152162988879
298_312,0.3181024205375541,0.3897431389767553,0.72014175713204,0.7247811671953377
299_313,0.41591035409096977,0.30870094904701617,0.7046444084581976,0.5475882205971321
300_314,0.5421054485292773,0.26856627680546585,0.6417992353148507,0.41839452076086625
301_315,0.7307730774123952,0.2674571869745131,0.6585563773358911,0.34824394752099025
302_316,0.7955452232217507,0.33350059802445636,0.6353404304077159,0.36981455763965
303_317,0.7401142956606555,0.3526446285427981,0.6504073519934848,0.528398295210194
304_318,0.592496428766461,0.44152694003226667,0.5778934328498455,0.6534510099260844
305_319,0.5753641495573599,0.4192116703481541,0.592075847815365,0.5370626225462581
306_320,0.565379224722803,0.4166369820213383,0.6480158945781062,0.48557581704765884
307_321,0.5196066905238024,0.48062918554698075,0.7355420352584082,0.5311880817672023
308_322,0.44117655210905893,0.5982510107581139,0.7710162397710565,0.7002249205427991
309_323,0.3470883174231225,0.4079650531640014,0.4710289438724372,0.531366707040023
310_324,0.36042017296320905,0.39780219760392954,0.38388971325749555,0.5390613441415917
311_325,0.3546935182922089,0.40634700793935413,0.3741469851803298,0.5200228803144357
312_326,0.490518921924971,0.36501596768797234,0.5719891457017429,0.41432624756914677
313_327,0.5500055808608624,0.3748045275420115,0.7116004476483885,0.43253803508798494
314_328,0.6333785523240245,0.41210110201822125,0.7790607880335879,0.5430001612769667
315_329,0.5454098819761655,0.3871158090039869,0.556335002340719,0.5251070912092661
316_330,0.6067368225589325,0.42075440292782346,0.6330823959356541,0.6124489878691863
317_331,0.6043953758871367,0.4310242028915915,0.6239605053344445,0.6175969040312451
318_332,0.599263829448276,0.4438141614506649,0.5674312258375533,0.6198798953850957
319_333,0.6152618324729098,0.4479321458051534,0.5575201902832198,0.7100214613792613
320_334,0.629441085988063,0.4194177309747945,0.5702691121418878,0.7832811178891609
321_335,0.6684709173625369,0.4300184757467197,0.6083416731722447,0.7857963514238172
322_336,0.6902170871350497,0.4211561052034349,0.5985727759452464,0.6665597099224424
323_337,0.7629284049627387,0.46788364343489225,0.6960623481468718,0.6372732329917653
324_338,0.56942582349003,0.45750377944876314,0.5407383388504499,0.5769193060685517
325_339,0.6178641941092583,0.513285646314883,0.5145311843527591,0.40381556331009144
326_340,0.47190827896225673,0.4308593531768434,0.37937529934418224,0.4478016742820645
327_341,0.48356734284280406,0.5651277597675919,0.47739777621754137,0.7284431493386774
328_342,0.42959012504332394,0.5819957488389628,0.4579254147557614,0.6771138318824803
329_343,0.49109954423550023,0.4174083101794578,0.5198805382665332,0.5141205562072848
330_344,0.46765978186155566,0.5272566178853121,0.5469536244909902,0.6621693276169844
331_345,0.4673812968613264,0.550668592725725,0.5961834443914087,0.700859913671192
332_346,0.3392514865225549,0.3606525092541312,0.6634572928290999,inf
333_347,0.3390597721673866,0.3663535241454464,0.5758589463155604,inf
334_348,0.3610611491711774,0.33965612163596465,0.47897638175515117,inf
335_349,0.3307147321632912,0.3709617088914178,0.40814839915156825,inf
336_350,0.33604921765682005,0.2644539789224515,0.37508427606814043,inf
337_351,0.38437751434724626,0.40578043731233143,0.31643788415847074,inf
338_352,0.4001694952236619,0.31557997178945973,inf,inf
339_353,0.3733602911497307,0.2270627493357694,inf,inf
340_354,0.5431168390220179,0.4847486990069029,inf,inf
341_355,0.49436069291895307,0.43583236365847117,inf,inf
342_356,0.48963530147873013,0.4268240727058693,inf,inf
343_357,0.6532727383801076,0.6563766704793225,inf,inf
344_358,0.5775807806459239,0.5596757513822521,inf,inf
345_359,0.5351559414281682,0.5399398610434213,inf,inf
346_360,0.40386470733086044,0.3786512244724421,inf,inf
347_361,0.3455373130887644,inf,inf,inf
348_362,0.2684821519801784,inf,inf,inf
349_363,0.23035274749167867,inf,inf,inf
350_364,0.22574753642420728,inf,inf,inf
351_365,0.2291365175670203,inf,inf,inf
352_366,0.20820003562463882,inf,inf,inf
353_367,0.27822761395872797,inf,inf,inf
354_368,0.4122644854778493,inf,inf,inf
355_369,0.33901177406613997,inf,inf,inf
356_370,0.546544947658409,inf,inf,inf
357_371,0.6592256141137367,inf,inf,inf
358_372,0.767403080389265,inf,inf,inf
359_373,0.5017966420052382,inf,inf,inf
360_374,0.581457943058937,inf,inf,inf
361_375,0.5006754622692327,inf,inf,inf
362_376,0.5790719888215852,inf,inf,inf
363_377,0.7420729046691483,inf,inf,inf
364_378,0.6866894215774488,inf,inf,inf
365_379,0.49853605607965223,inf,inf,inf
366_380,0.3431981882900236,inf,inf,inf
367_381,0.2759931318678551,inf,inf,inf
368_382,0.26591852482498124,inf,inf,inf
369_383,0.3037298729315698,inf,inf,inf
370_384,0.43486666093359966,inf,inf,inf
371_385,0.37450372805973153,inf,inf,inf
372_386,0.7302750997758971,inf,inf,inf
373_387,0.8895083013171071,inf,inf,inf
374_388,0.8032782283384126,inf,inf,inf
375_389,0.7565671705645329,inf,inf,inf
376_390,0.6649280298928091,inf,inf,inf
377_391,0.8269157420626387,inf,inf,inf
378_392,0.9621946352503334,inf,inf,inf
379_393,0.2556553171450967,inf,inf,inf
380_394,0.27347002839355133,inf,inf,inf
381_395,0.7450686321149952,inf,inf,inf
382_396,0.2852155499033742,inf,inf,inf
383_397,0.3575834509453217,inf,inf,inf
384_398,0.5158030594883707,inf,inf,inf
385_399,0.3263743073003165,inf,inf,inf
386_400,0.4146613292938174,inf,inf,inf
387_401,0.4578610806483949,inf,inf,inf
388_402,0.5439427878754902,inf,inf,inf
389_403,0.6619116258164615,inf,inf,inf
390_404,0.7394688670365251,inf,inf,inf
391_405,0.7060853820406765,inf,inf,inf
392_406,0.6093539885707776,inf,inf,inf
393_407,0.4875308615736964,inf,inf,inf
394_408,0.4583780468447161,inf,inf,inf
395_409,0.46545490308082627,inf,inf,inf
396_410,0.5433037994873784,inf,inf,inf
397_411,0.5637754751127033,inf,inf,inf
398_412,0.5174956925811901,inf,inf,inf
399_413,0.4982684678285616,inf,inf,inf
400_414,0.35398692863414777,inf,inf,inf
401_415,inf,inf,inf,inf
