PDB ID,5w3n,6xfm,7vqq
1_17,inf,inf,inf
2_18,inf,inf,inf
3_19,inf,inf,inf
4_20,inf,inf,inf
5_21,inf,inf,inf
6_22,inf,inf,inf
7_23,inf,inf,inf
8_24,inf,inf,inf
9_25,inf,inf,inf
10_26,inf,inf,inf
11_27,inf,inf,inf
12_28,inf,inf,inf
13_29,inf,inf,inf
14_30,inf,inf,inf
15_31,inf,inf,inf
16_32,inf,inf,inf
17_33,inf,inf,inf
18_34,inf,inf,inf
19_35,inf,inf,inf
20_36,inf,inf,inf
21_37,inf,inf,inf
22_38,inf,inf,inf
23_39,inf,inf,inf
24_40,inf,inf,inf
25_41,inf,inf,inf
26_42,inf,inf,inf
27_43,inf,inf,inf
28_44,inf,inf,inf
29_45,inf,inf,inf
30_46,inf,inf,inf
31_47,inf,inf,inf
32_48,inf,inf,inf
33_49,inf,inf,inf
34_50,inf,inf,inf
35_51,inf,inf,0.406023280133613
36_52,inf,inf,0.5125671012498226
37_53,inf,inf,0.7275013342988823
38_54,0.6338925863673809,inf,0.5751316440165406
39_55,0.6038723775063642,inf,0.6257136655882027
40_56,0.5401356655118683,inf,0.6426217912806854
41_57,0.6142276208408914,inf,0.7675420125035386
42_58,0.5314321843643772,inf,0.7012211561565425
43_59,0.5860487165094296,inf,0.7463979805178211
44_60,0.6060813911912158,inf,0.7136790793782771
45_61,0.6274510245020417,inf,0.626497337283665
46_62,0.5767041000220013,inf,0.45536608524394284
47_63,0.5015851951728035,inf,0.36332137773140283
48_64,0.5384064665999028,inf,0.24708424885523744
49_65,0.6824462477654708,inf,0.262997225388535
50_66,0.8981586606772838,inf,0.3686278263123168
51_67,0.9220612019985157,inf,0.3112161647331774
52_68,0.872757495184033,inf,0.32391728956890936
53_69,0.7761552164063745,inf,0.4273823148615673
54_70,0.8289207713520872,inf,0.46293680002344173
55_71,0.8429750437706993,inf,0.3766454863440519
56_72,0.3433028916237949,inf,0.794912519652575
57_73,0.33862757223830625,inf,0.8510312668118344
58_74,0.3169283648927169,inf,0.9395422179239479
59_75,0.3087673683991952,inf,0.9803093540928254
60_76,0.43695239062695146,inf,0.7192961493134097
61_77,0.4687546023977419,inf,0.6179368810637973
62_78,0.6260697592365565,inf,0.3287320363289937
63_79,0.6038023605515203,inf,0.243006817377411
64_80,0.5262655291546029,inf,0.24393002488104512
65_81,0.5351306878420773,inf,0.2796091590429757
66_82,0.42720959902842487,inf,0.5249236447688967
67_83,0.5422742358855278,inf,0.6507224258182441
68_84,0.5332102151399895,inf,0.4530959167076703
69_85,0.6560448602957375,inf,0.7693778814446675
70_86,0.7562713648342234,inf,0.5824026180904954
71_87,0.6994620342343854,inf,0.9089573914596245
72_88,0.809973660319551,inf,0.9485353499079541
73_89,0.8277122884153997,inf,0.874826863550863
74_90,0.8929825056720804,inf,0.7454967384328303
75_91,0.9564355977229404,inf,0.5496317942897619
76_92,0.8161492576527453,inf,0.6890209974465775
77_93,0.7040813348845064,inf,0.5844912955208154
78_94,0.6103350826366495,inf,0.4854955459762108
79_95,0.4441950698470517,inf,0.6095611254036056
80_96,0.30370929102020433,inf,0.5952663031977281
81_97,0.23850799981955406,inf,0.8200089582924408
82_98,inf,inf,0.9382767604907236
83_99,inf,inf,1.1619019101995227
84_100,inf,inf,0.8086038296453923
85_101,inf,inf,0.5596632618084615
86_102,inf,inf,0.6322677084885946
87_103,inf,inf,0.5658797658461754
88_104,inf,inf,0.5587789128729636
89_105,inf,inf,0.4755604741602454
90_106,inf,inf,0.5384562288256974
91_107,inf,inf,0.5524466851936517
92_108,inf,inf,0.6215572961150996
93_109,inf,inf,0.5835121417423879
94_110,inf,inf,0.539160676018988
95_111,inf,inf,0.44986757033009794
96_112,inf,inf,0.3831579548494579
97_113,inf,inf,0.45324377771625024
98_114,inf,inf,0.4694351616760269
99_115,inf,inf,0.4092741991228762
100_116,inf,inf,0.43869870149389334
101_117,inf,inf,0.598301644225817
102_118,inf,inf,0.6874105175760921
103_119,inf,inf,0.6081034187336548
104_120,inf,inf,0.619600842605484
105_121,inf,inf,0.734218709447146
106_122,inf,inf,0.8683686316724055
107_123,inf,inf,0.9598998309593416
108_124,inf,inf,0.9935604100873464
109_125,inf,inf,inf
110_126,inf,inf,inf
111_127,inf,inf,inf
112_128,inf,inf,inf
113_129,inf,inf,inf
114_130,inf,inf,inf
115_131,inf,inf,inf
116_132,inf,inf,inf
117_133,inf,inf,inf
118_134,inf,inf,inf
119_135,inf,inf,inf
120_136,inf,inf,inf
121_137,inf,inf,inf
122_138,inf,inf,inf
123_139,inf,inf,inf
124_140,inf,inf,inf
125_141,inf,inf,inf
126_142,inf,inf,inf
127_143,inf,inf,inf
128_144,inf,inf,inf
129_145,inf,inf,inf
130_146,inf,inf,inf
131_147,inf,inf,inf
132_148,inf,inf,inf
133_149,inf,inf,inf
134_150,inf,inf,inf
135_151,inf,inf,inf
